市区町村コード,NO,都道府県名,市区町村名,名称,名称_カナ,名称_英語,住所,方書,設置位置,緯度,経度,男性トイレ総数,男性トイレ数（小便器）,男性トイレ数（和式）,男性トイレ数（洋式）,女性トイレ総数,女性トイレ数（和式）,女性トイレ数（洋式）,男女共用トイレ総数,男女共用トイレ数（和式）,男女共用トイレ数（洋式）,多機能トイレ数,車椅子使用者用トイレ有無,乳幼児用設備設置トイレ有無,オストメイト設置トイレ有無,利用開始時間,利用終了時間,利用可能時間特記事項,画像,画像_ライセンス,備考,,,,,,,,,,,
132241,0000000001,東京都,多摩市,多摩市役所本庁舎,タマシヤクショホンチョウシャ,Tama city hall ,東京都多摩市関戸6-12-1,,地下、１階、２階、３階、４階,35.637005,139.446309,50,33,4,13,27,4,23,0,0,0,4,有,有,有,08:30,17:15,利用は開庁時のみ,,,"トイレ数は多摩市役所東庁舎,多摩市役所第二庁舎,多摩市役所第三庁舎,多摩市役所東会議室,多摩市役所西会議室を含む",,,,,,,,,,,
132241,0000000002,東京都,多摩市,多摩市役所東庁舎,タマシヤクショヒガシチョウシャ,Tama city hall higashichousha ,東京都多摩市関戸6-12-1,,,35.637531,139.447674,13,8,2,3,5,2,3,0,0,0,1,有,有,無,08:30,17:15,利用は開庁時のみ,,,,,,,,,,,,,,
132241,0000000003,東京都,多摩市,多摩市役所第二庁舎,タマシヤクショダイニチョウシャ,Tama city hall dainichousha,東京都多摩市関戸6-12-1,,,35.637090,139.447512,10,6,2,2,6,2,4,0,0,0,2,有,有,無,08:30,17:15,利用は開庁時のみ,,,,,,,,,,,,,,
132241,0000000004,東京都,多摩市,多摩市役所第三庁舎,タマシヤクショダイサンチョウシャ,Tama city hall daisannchousha,東京都多摩市関戸6-12-1,,,35.637785,139.446913,3,2,1,0,1,1,0,0,0,0,0,無,無,無,08:30,17:15,利用は開庁時のみ,,,,,,,,,,,,,,
132241,0000000005,東京都,多摩市,多摩市役所東会議室,タマシヤクショヒガシカイギシツ,Tama city hall higasikaigisitsu,東京都多摩市関戸6-12-1,,,35.638121,139.447037,10,6,2,2,4,2,2,0,0,0,0,無,無,無,08:30,17:15,利用は開庁時のみ,,,,,,,,,,,,,,
132241,0000000006,東京都,多摩市,多摩市役所西会議室,タマシヤクショニシカイギシツ,Tama city hall higasikaigisitsu,東京都多摩市関戸6-12-1,,,35.636673,139.445879,6,4,0,2,4,2,2,0,0,0,0,無,無,無,08:30,17:15,利用は開庁時のみ,,,,,,,,,,,,,,
132241,0000000007,東京都,多摩市,多摩市立健康センター,タマシリツケンコウセンター,Municipal Health Center,東京都多摩市関戸4-19-5,,地下、１階、２階、３階、４階,35.649083,139.449703,25,16,1,8,13,1,1,4,0,4,4,有,有,有,08:30,17:00,利用は開庁時のみ,,,,,,,,,,,,,,
132241,0000000008,東京都,多摩市,多摩市立関戸公民館,タマシリツセキドコウミンカン,Sekido public hall ,東京都多摩市関戸4-72,,,35.649842,139.446839,16,11,1,4,13,2,11,2,0,2,4,有,有,有,09:00,22:00,８Ｆトイレの利用は開館時のみ,,,,,,,,,,,,,,
132241,0000000009,東京都,多摩市,多摩市立永山公民館,タマシリツナガヤマコウミンカン,Nagayama public hall ,東京都多摩市永山1-5,,ベルブ永山3階、４階、５階,35.628346,139.448415,13,7,3,3,11,3,8,0,0,0,3,有,無,有,09:00,22:00,第１・３木曜は休館,,,,,,,,,,,,,,
132241,0000000010,東京都,多摩市,桜ヶ丘集会所,サクラガオカシュウカイジョ,,東京都多摩市桜ケ丘1-1,,,35.641171,139.444489,2,1,,1,2,,2,,,,,無,,無,,,,,,,,,,,,,,,,,
132241,0000000011,東京都,多摩市,関戸第一倶楽部,セキドダイイチクラブ,,東京都多摩市関戸5-35-3,,,35.641091,139.449915,1,1,,,,,,1,,1,,無,,無,,,,,,,,,,,,,,,,,
132241,0000000012,東京都,多摩市,一ノ宮集会所,イチノミヤシュウカイジョ,,東京都多摩市一ノ宮1-18-8,,,35.652857,139.441793,2,2,,,,,,2,1,1,,無,,無,,,,,,,,,,,,,,,,,
132241,0000000013,東京都,多摩市,連光寺本村集会所,レンコウジホンムラシュウカイジョ,,東京都多摩市連光寺2-27-16,,,35.643045,139.455529,1,1,,,,,,2,1,1,,無,,無,,,,,,,,,,,,,,,,,
132241,0000000014,東京都,多摩市,東部集会所,トウブシュウカイジョ,,東京都多摩市連光寺6-21-4,,,35.632440,139.465052,1,1,,,,,,1,,1,,,,,,,,,,,,,,,,,,,,,
132241,0000000015,東京都,多摩市,桜ヶ丘一ノ宮集会所,サクラガオカイチノミヤシュウカイジョ,,東京都多摩市一ノ宮4-37-5,,,35.649741,139.438517,1,1,,,,,,1,,1,,無,,無,,,,,,,,,,,,,,,,,
132241,0000000016,東京都,多摩市,東寺方自治会会館,ヒガシテラガタジチカイカイカン,,東京都多摩市東寺方626-2,,,35.643235,139.438042,2,2,,,,,,2,1,1,,無,,無,,,,,,,,,,,,,,,,,
132241,0000000017,東京都,多摩市,和田稲荷塚集会所,ワダイナリヅカシュウカイジョ,,東京都多摩市百草1139-2,,,35.638443,139.434907,2,2,,,,,,2,1,1,,無,,無,,,,,,,,,,,,,,,,,
132241,0000000018,東京都,多摩市,関戸河原クラブ,セキドカワラクラブ,,東京都多摩市関戸2-3-8,,,35.651526,139.453770,2,2,,,,,,2,,2,,無,,無,,,,,,,,,,,,,,,,,
132241,0000000019,東京都,多摩市,諏訪会館,スワカイカン,,東京都多摩市諏訪5-2-1,,,35.621548,139.454247,2,2,,,,,,2,1,1,,無,,無,,,,,,,,,,,,,,,,,
132241,0000000020,東京都,多摩市,大貝戸集会所,オオカイトシュウカイジョ,,東京都多摩市乞田1101,,,35.631779,139.438632,1,1,,,,,,1,,1,,無,,無,,,,,,,,,,,,,,,,,
132241,0000000021,東京都,多摩市,下落合集会所,シモオチアイシュウカイジョ,,東京都多摩市愛宕4-14,,,35.627782,139.425154,1,1,,,,,,1,,1,,無,,無,,,,,,,,,,,,,,,,,
132241,0000000022,東京都,多摩市,山王下集会所,サンオウシタシュウカイジョ,,東京都多摩市山王下1-9,,,35.626648,139.420797,1,1,,,,,,1,,1,,無,,無,,,,,,,,,,,,,,,,,
132241,0000000023,東京都,多摩市,中和田天神倶楽部,ナカワダテンジンクラブ,,東京都多摩市和田1023,,,35.641083,139.425551,1,1,,,,,,1,,1,,無,,無,,,,,,,,,,,,,,,,,
132241,0000000024,東京都,多摩市,小野路集会所,オノジシュウカイジョ,,東京都多摩市南野2-14-1,,,35.606957,139.432297,,,,,,,,2,,2,,有,,無,,,,,,,,,,,,,,,,,
132241,0000000025,東京都,多摩市,貝取クラブ,カイドリクラブ,,東京都多摩市貝取1-56-9,,,35.625845,139.438342,2,2,,,,,,1,,1,,無,,無,,,,,,,,,,,,,,,,,
132241,0000000026,東京都,多摩市,並木稲荷自治会館,ナミキイナリジチカイカン,,東京都多摩市和田72,,,35.645075,139.434150,1,1,,,,,,1,,1,,無,,無,,,,,,,,,,,,,,,,,
132241,0000000027,東京都,多摩市,瓜生集会所,ウリュウシュウカイジョ,,東京都多摩市永山6-6-30,,,35.616756,139.444716,,,,,,,,2,1,1,,無,,無,,,,,,,,,,,,,,,,,
132241,0000000028,東京都,多摩市,馬引沢自治会館,マヒキザワジチカイカン,,東京都多摩市馬引沢2-3-16,,,35.632735,139.453492,,,,,,,,2,1,1,,無,,無,,,,,,,,,,,,,,,,,
132241,0000000029,東京都,多摩市,青木葉集会所,アオキハシュウカイジョ,,東京都多摩市落合2-24,,,35.616249,139.426990,,,,,,,,2,1,1,,無,,無,,,,,,,,,,,,,,,,,
132241,0000000030,東京都,多摩市,京王一ノ宮集会所,ケイオウイチノミヤシュウカイジョ,,東京都多摩市連光寺4-1-2,,,35.640604,139.466481,,,,,,,,1,,1,,無,,無,,,,,,,,,,,,,,,,,
132241,0000000031,東京都,多摩市,永山橋集会所,ナガヤマハシシュウカイジョ,,東京都多摩市諏訪1-3,,,35.634009,139.447761,,,,,,,,1,,1,,無,,無,,,,,,,,,,,,,,,,,
132241,0000000032,東京都,多摩市,上乞田集会所,カミコッタシュウカイジョ,,東京都多摩市豊ケ丘1-17-1,,,35.627965,139.431566,,,,,,,,2,1,1,,無,,無,,,,,,,,,,,,,,,,,
132241,0000000033,東京都,多摩市,聖ヶ丘三丁目集会所,ヒジリガオカサンチョウメシュウカイジョ,,東京都多摩市聖ケ丘3-43-5,,,35.628701,139.458658,,,,,,,,2,1,1,,無,,無,,,,,,,,,,,,,,,,,
132241,0000000034,東京都,多摩市,鶴牧五丁目集会所,ツルマキゴチョウメシュウカイジョ,,東京都多摩市鶴牧5-18-8,,,35.610035,139.423269,,,,,,,,2,1,1,,無,,無,,,,,,,,,,,,,,,,,
132241,0000000035,東京都,多摩市,聖ヶ丘四丁目集会所,ヒジリガオカヨンチョウメシュウカイジョ,,東京都多摩市聖ケ丘4-12-6,,,35.628038,139.462310,,,,,,,,2,1,1,,無,,無,,,,,,,,,,,,,,,,,
132241,0000000036,東京都,多摩市,木の実公園集会所,キノミコウエンシュウカイジョ,,東京都多摩市連光寺3-3-21,,,35.644360,139.458779,,,,,,,,1,,1,,無,,無,,,,,,,,,,,,,,,,,
132241,0000000037,東京都,多摩市,聖ヶ丘二丁目集会所,ヒジリガオカニチョウメシュウカイジョ,,東京都多摩市聖ケ丘2-47-15,,,35.634752,139.455039,1,1,,,,,,,,1,,無,,無,,,,,,,,,,,,,,,,,
132241,0000000038,東京都,多摩市,聖ヶ丘南集会所,ヒジリガオカミナミシュウカイジョ,,東京都多摩市聖ヶ丘3-59-10,,,35.628696,139.458632,,,,,,,,2,1,1,,無,,無,,,,,,,,,,,,,,,,,
132241,0000000039,東京都,多摩市,南野集会所,ミナミノシュウカイジョ,,東京都多摩市南野3-9-22,,,35.607861,139.422676,,,,,,,,2,1,1,,無,,無,,,,,,,,,,,,,,,,,
132241,0000000040,東京都,多摩市,唐木田自治会館,カラキダジチカイカン,,東京都多摩市唐木田1-13-2,,,35.614267,139.406956,1,1,,,,,,1,,1,,無,,無,,,,,,,,,,,,,,,,,
132241,0000000041,東京都,多摩市,中組集会所,ナカグシュウカイジョ,,東京都多摩市中沢2-20-12,,,35.619329,139.414417,,,,,,,,1,,1,,,,無,,,,,,,,,,,,,,,,,
132241,0000000042,東京都,多摩市,瓜生自治会館,ウリュウジチカイカン,,東京都多摩市永山2-19-17,,,35.629488,139.443720,1,,1,,1,1,,1,,1,,無,,無,,,,,,,,,,,,,,,,,
132241,0000000043,東京都,多摩市,鶴牧有朋倶楽部,ツルマキユーフォークラブ,,東京都多摩市鶴牧5-25-8,,,35.611048,139.421643,,,,,,,,2,1,1,,無,,無,,,,,,,,,,,,,,,,,
132241,0000000044,東京都,多摩市,宝蔵橋むつみの家,ホウゾウバシムツミノイエ,,東京都多摩市和田1686,,,35.650092,139.434923,1,1,,,,,,1,,1,,無,,無,,,,,,,,,,,,,,,,,
132241,0000000045,東京都,多摩市,聖ヶ丘一丁目集会所,ヒジリガオカイッチョウメシュウカイジョ,,東京都多摩市聖ケ丘1-7-13,,,35.638012,139.454646,1,1,,,,,,1,,1,,無,,無,,,,,,,,,,,,,,,,,
132241,0000000046,東京都,多摩市,永山六丁目集会所,ナガヤマロクチョウメシュウカイジョ,,東京都多摩市永山6-27,,,35.613159,139.445916,1,1,,,,,,1,,1,,無,,無,,,,,,,,,,,,,,,,,
132241,0000000047,東京都,多摩市,関戸南田倶楽部,セキドミナミダクラブ,,東京都多摩市聖ヶ丘1-27,,,35.637517,139.452019,,,,,,,,1,,1,,無,,無,,,,,,,,,,,,,,,,,
132241,0000000048,東京都,多摩市,連光寺向ノ岡集会所,レンコウジムノオカシュウカイジョ,,東京都多摩市連光寺1-31-31-34,,,35.646280,139.460241,,,,,,,,2,1,1,,無,,無,,,,,,,,,,,,,,,,,
132241,0000000049,東京都,多摩市,関戸三丁目倶楽部,セキドサンチョウメクラブ,,東京都多摩市関戸3-10-11,,,35.649789,139.455383,2,1,,1,1,,1,1,,1,,有,,無,,,,,,,,,,,,,,,,,
132241,0000000050,東京都,多摩市,唐木田李久保自治会館,カラキダスモモクボジチカイカン,,東京都多摩市唐木田1-43-6,,,35.615460,139.405335,1,,,1,1,,1,,,,,無,,無,,,,,,,,,,,,,,,,,
132241,0000000051,東京都,多摩市,永山橋第２集会所,ナガヤマハシダイ２シュウカイジョ,,東京都多摩市永山1-10-10,,,35.633129,139.446164,,,,,,,,2,1,1,,無,,無,,,,,,,,,,,,,,,,,
132241,0000000052,東京都,多摩市,多摩市立永山図書館,タマシリツナガヤマトショカン,Tama City Nagayama Library,東京都多摩市永山1-5,,ベルブ永山3階,35.628322,139.448236,5,3,1,1,3,1,2,0,0,0,1,有,,無,09:00,19:30,"土日祝休日は17時まで
木曜は休館",,,,,,,,,,,,,,
132241,0000000053,東京都,多摩市,多摩市立図書館（本館）,タマシリツトショカン（ホンカン）,Tama City Library (main building),東京都多摩市落合2-29,,,35.617565,139.425219,15,10,2,3,12,5,7,0,0,0,1,有,,無,09:30,18:00,"土日は17時まで
第1木曜、祝休日は休館",,,,,,,,,,,,,,
132241,0000000054,東京都,多摩市,多摩市立東寺方図書館,タマシリツヒガシテラカタトショカン,Higashiterakata Library,東京都多摩市東寺方626-7,,,35.643283,139.437715,5,4,0,1,4,3,1,0,0,0,1,有,,無,10:00,17:00,木曜、祝休日は休館,,,,,,,,,,,,,,
132241,0000000055,東京都,多摩市,多摩市立豊ヶ丘図書館,タマシリツトヨガオカトショカン,Toyogaoka Library,東京都多摩市豊ヶ丘5-6,,,35.614673,139.434881,3,2,0,1,2,1,1,0,0,0,1,有,,無,10:00,18:00,"土日は17時まで
第1木曜、祝休日は休館",,,,,,,,,,,,,,
132241,0000000056,東京都,多摩市,多摩市立関戸図書館,タマシリツセキドトショカン,Sekido Library,東京都多摩市関戸1-1-5,,ザ・スクエア2階,35.651883,139.445933,3,2,0,1,1,0,1,0,0,0,0,無,,無,10:00,19:30,"土日祝休日は17時まで
木曜は休館",,,,,,,,,,,,,,
132241,0000000057,東京都,多摩市,多摩市立東寺方地区市民ホール,タマシリツヒガシテラカタチクシミンホール,Tama　Municipal　higashiterakata　district　Town　Hall,東京都多摩市東寺方626-7,,,35.643283,139.437715,18,12,3,3,12,9,3,,,,3,有,,有,09:00,17:00,,,,,,,,,,,,,,,
132241,0000000058,東京都,多摩市,多摩市立諏訪地区市民ホール,タマシリツスワチクシミンホール,Tama　Municipal　Suwa　district　Town　Hall,東京都多摩市諏訪5-1,,,35.623547,139.454470,9,5,2,2,5,3,2,,,,2,有,,有,09:00,17:00,,,,,,,,,,,,,,,
132241,0000000059,東京都,多摩市,多摩市立豊ヶ丘地区市民ホール,タマシリツトヨガオカチクシミンホール,Tama　Municipal　Toyogaoka　district　Town　Hall,東京都多摩市豊ヶ丘5-6,,,35.614464,139.434396,10,6,2,2,8,6,2,,,,2,有,,有,09:00,17:00,,,,,,,,,,,,,,,
132241,0000000060,東京都,多摩市,多摩市立桜ヶ丘コミュニティセンター,タマシリツサクラガオカコミュニティセンター,Tama　Municipal　Sakuragaoka　district　Town　Hall,東京都多摩市桜ヶ丘1-17-7,,,35.639934,139.446501,10,6,1,3,5,2,3,,,,1,有,,有,09:30,21:30,,,,,,,,,,,,,,,
132241,0000000061,東京都,多摩市,多摩市立乞田・貝取コミュニティセンター,タマシリツコッタ・カイドリコミュニティセンター,Tama　Municipal　kotta・kaidori　district　Town　Hall,東京都多摩市乞田810,,,35.630910,139.434555,12,6,3,3,6,3,3,,,,2,有,,有,09:30,21:30,,,,,,,,,,,,,,,
132241,0000000062,東京都,多摩市,多摩市立鶴牧・落合・南野コミュニティセンター,タマシリツツルマキ・オチアイ・ミナミノコミュニティセンター,Tama　Municipal　Tsurumaki・Ochiai・Minamino　district　Town　Hall,東京都多摩市落合6-5,,,35.612293,139.425705,14,10,2,2,10,3,7,,,,3,有,,有,09:30,21:30,,,,,,,,,,,,,,,
132241,0000000063,東京都,多摩市,多摩市立貝取コミュニティセンター,タマシリツカイドリコミュニティセンター,Tama　Municipal　Kaidori　district　Town　Hall,東京都多摩市貝取4-5-1,,,35.615857,139.439809,8,5,1,2,8,3,5,,,,2,有,,有,09:30,21:30,,,,,,,,,,,,,,,
132241,0000000064,東京都,多摩市,多摩市立聖ヶ丘コミュニティセンター,タマシリツヒジリガオカコミュニティセンター,Tama　Municipal　Hizirigaoka　district　Town　Hall,東京都多摩市聖ヶ丘2-21-1,,,35.631149,139.458213,15,10,1,4,10,3,7,,,,3,有,,有,09:30,21:30,,,,,,,,,,,,,,,
132241,0000000065,東京都,多摩市,多摩市立愛宕コミュニティセンター,タマシリツアタゴコミュニティセンター,Tama　Municipal　Atago　district　Town　Hall,東京都多摩市愛宕3-2,,,35.633545,139.434483,10,6,2,2,6,2,4,,,,2,有,,有,09:30,21:30,,,,,,,,,,,,,,,
132241,0000000066,東京都,多摩市,多摩市立唐木田コミュニティセンター,タマシリツカラキダコミュニティセンター,Tama　Municipal　Karakida　district　Town　Hall,東京都多摩市鶴牧6-14,,,35.615611,139.413448,15,9,6,10,,10,,,,,3,有,,有,09:30,21:30,,,,,,,,,,,,,,,
132241,0000000067,東京都,多摩市,三方の森コミュニティ会館,ミカタノモリコミュニティエカン,Tama　Municipal　Mikatanomori　community　hall,東京都多摩市和田1254-12,,,35.646177,139.416064,5,3,,2,3,,3,,,,1,有,,有,09:00,21:30,,,,,,,,,,,,,,,
132241,0000000068,東京都,多摩市,多摩市立和田・東寺方コミュニティセンター,タマシリツワダ・ヒガシテラカタコミュニティセンター,Tama　Municipal　Wada・Higashiterakata　Community　Center,東京都多摩市和田2006-4,,,35.641020,139.427437,10,6,1,3,6,1,5,,,,2,有,,有,09:30,21:30,,,,,,,,,,,,,,,
132241,0000000069,東京都,多摩市,多摩市立複合文化施設（パルテノン多摩）,タマシリツフクゴウブンカシセツ（パルテノンタマ）,Parthenon　Tama,東京都多摩市落合2-35,,,35.621686,139.426282,,,,,,,,,,,,,,,09:00,22:00,,,,,,,,,,,,,,,
132241,0000000070,東京都,多摩市,多摩市立豊ヶ丘児童館,タマシリツトヨガオカジドウカン,Toyogaoka chidren's　house,東京都多摩市豊ヶ丘5-6,,,35.614535,139.434565,5,3,1,1,4,1,3,1,0,1,1,有,有,無,10:00,18:00,土曜日、三期休業中は9:30開始,,,,,,,,,,,,,,
132241,0000000071,東京都,多摩市,多摩市立諏訪児童館,タマシリツスワジドウカン,Suwa chidren's　house,東京都多摩市諏訪2-8,,,35.625341,139.451467,3,2,0,1,2,0,2,1,0,1,0,有,有,無,09:00,18:00,開館時間に準ずる,,,,,,,,,,,,,,
132241,0000000072,東京都,多摩市,多摩市立東寺方児童館,タマシリツヒガシテラカタジドウカン,Higashiterakata chidren's　house,東京都多摩市東寺方626-7,,,35.643283,139.437715,6,4,1,1,4,3,1,0,0,0,0,有,有,無,10:00,18:00,土曜日、三期休業中は9:30開始,,,,,,,,,,,,,,
132241,0000000073,東京都,多摩市,多摩市立永山児童館,タマシリツナガヤマジドウカン,Nagayama chidren's　house,東京都多摩市永山3-6,,,35.625519,139.445901,3,2,0,1,2,0,2,1,0,1,0,有,有,無,09:00,18:00,開館時間に準ずる,,,,,,,,,,,,,,
132241,0000000074,東京都,多摩市,多摩市立桜ヶ丘児童館,タマシリツサクラガオカジドウカン,Sakuragaoka chidren's　house,東京都多摩市桜ヶ丘1-17-7,,,35.639809,139.446652,0,0,0,0,0,0,0,0,0,0,0,無,有,無,10:00,18:00,土曜日、三期休業中は9:30開始,,,,,,,,,,,,,,
132241,0000000075,東京都,多摩市,多摩市立唐木田児童館,タマシリツカラキダジドウカン,Karakida chidren's　house,東京都多摩市鶴牧6-14,,,35.615452,139.413275,5,3,0,2,3,0,3,0,0,0,1,有,有,無,,,開館時間に準ずる,,,,,,,,,,,,,,
132241,0000000076,東京都,多摩市,多摩市立落合児童館,タマシリツオチアイジドウカン,Ochiai chidren's　house,東京都多摩市落合6-5,,,35.612079,139.425586,3,2,0,1,2,0,2,0,0,0,0,無,無,無,09:00,18:00,開館時間に準ずる,,,,,,,,,,,,,,
132241,0000000077,東京都,多摩市,多摩市立連光寺児童館,タマシリツレンコウジジドウカン,Renkouzi chidren's　house,東京都多摩市連光寺3-57-1,,,35.642745,139.456830,5,3,1,1,4,3,1,1,0,1,0,有,無,無,09:00,18:00,開館時間に準ずる,,,,,,,,,,,,,,
132241,0000000078,東京都,多摩市,多摩市立一ノ宮児童館,タマシリツイチノミヤジドウカン,Ichinomiya chidren's　house,東京都多摩市一ノ宮1-18-7,,,35.652941,139.442784,6,4,0,2,4,1,3,1,0,1,0,有,有,無,,,開館時間に準ずる,,,,,,,,,,,,,,
132241,0000000079,東京都,多摩市,多摩市立愛宕児童館,タマシリツアタゴジドウカン,Atago chidren's　house,東京都多摩市愛宕1-65-3,,,35.634695,139.432505,5,3,0,2,4,0,4,0,0,0,0,無,有,無,10:00,18:00,土曜日、三期休業中は9:30開始,,,,,,,,,,,,,,
132241,0000000080,東京都,多摩市,多摩市立総合体育館,タマシリツソウゴウタイイクカン,Tama　Municipal　Gumnasium,東京都多摩市東寺方588-1,,,35.643522,139.436218,,,,,,,,,,,,,,,09:00,21:30,,,,,,,,,,,,,,,
132241,0000000081,東京都,多摩市,多摩市立一本杉公園野球場,タマシリツイッポンスギコウエンヤキュウジョウ,,東京都多摩市南野2-14-1,,,35.607806,139.432195,,,,,,,,,,,,,,,,,,,,,,,,,,,,,,,
132241,0000000082,東京都,多摩市,多摩市立一本杉公園庭球場,タマシリツイッポンスギコウエンテイキュウジョウ,,東京都多摩市南野2-14-1,,,35.609218,139.432345,,,,,,,,,,,,,,,,,,,,,,,,,,,,,,,
132241,0000000083,東京都,多摩市,多摩市立陸上競技場,タマシリツリクジョウキョウギジョウ,Tama　Municipal　Athletic　Stadium　,東京都多摩市諏訪4-9,,,35.625019,139.460299,,,,,,,,,,,,,,,09:00,17:00,,,,,,,,,,,,,,,
132241,0000000084,東京都,多摩市,多摩市立武道館,タマシリツブドウカン,Tama　Municipal　Budokan,東京都多摩市諏訪4-9,,,35.625473,139.458919,,,,,,,,,,,,,,,09:00,21:30,,,,,,,,,,,,,,,
132241,0000000085,東京都,多摩市,多摩市立温水プール,タマシリツオンスイプール,Tama　Municipal　heated　pool,東京都多摩市南野3-15-2,,総合福祉センターに隣接,35.612308,139.413727,,,,,,,,,,,,,,,09:00,22:00,,,,,,,,,,,,,,,
132241,0000000086,東京都,多摩市,永山駅前公衆便所,ナガヤマエキマエコウシュウベンジョ,,東京都多摩市永山1-45,,,35.629392,139.447644,3,2,0,1,2,0,2,1,0,1,1,有,無,無,,,,,,,,,,,,,,,,,
132241,0000000087,東京都,多摩市,多摩センター駅前公衆便所,タマセンターエキマエコウシュウベンジョ,,東京都多摩市落合1-40-1,,,35.624294,139.423819,6,4,0,2,5,1,4,1,0,1,1,有,無,無,,,,,,,,,,,,,,,,,
132241,0000000088,東京都,多摩市,聖蹟桜ヶ丘駅前公衆便所,セイセキサクラガオカエキマエコウシュウベンジョ,,東京都多摩市関戸1-11-2,,,35.650308,139.447155,4,2,0,2,2,0,2,1,0,1,1,有,無,無,,,,,,,,,,,,,,,,,
132241,0000000089,東京都,多摩市,豊ヶ丘商店街公衆便所,トヨガオカショウテンガイコウシュウベンジョ,,東京都多摩市豊ヶ丘4-2,,,,,2,2,0,0,1,1,0,1,0,1,1,有,無,無,,,,,,,,,,,,,,,,,
132241,0000000090,東京都,多摩市,グリーンライブセンター,グリーンライブセンター,,東京都多摩市落合2-35,多摩中央公園内,,35.622263,139.427809,3,2,1,0,2,1,1,0,0,0,1,有,無,無,09:30,17:00,休館日（月曜日，第４火曜日（祝日の場合は翌日），12月29日〜1月3日）は使用不可,,,,,,,,,,,,,,
132241,0000000091,東京都,多摩市,愛宕東公園,アタゴヒガシコウエン,,東京都多摩市愛宕1-66,,,35.633663,139.436535,4,3,1,0,2,2,0,0,0,0,1,有,無,無,,,,,,,,,,,,,,,,,
132241,0000000092,東京都,多摩市,愛宕第１公園,アタゴダイ１コウエン,,東京都多摩市愛宕2-62,,,35.635722,139.439777,0,0,0,0,0,0,0,4,1,0,0,無,無,無,,,,,,,,,,,,,,,,,
132241,0000000093,東京都,多摩市,愛宕第２公園,アタゴダイ２コウエン,,東京都多摩市愛宕2-59,,,35.633880,139.438262,0,0,0,0,0,0,0,2,1,0,0,無,無,無,,,,,,,,,,,,,,,,,
132241,0000000094,東京都,多摩市,愛宕第３公園,アタゴダイ３コウエン,,東京都多摩市愛宕3-59,,,35.632835,139.433702,0,0,0,0,0,0,0,4,1,0,0,無,無,無,,,,,,,,,,,,,,,,,
132241,0000000095,東京都,多摩市,青木葉公園,アオキバコウエン,,東京都多摩市落合2-15-1,,,35.617446,139.427168,0,0,0,0,0,0,0,2,1,0,0,無,無,無,,,,,,,,,,,,,,,,,
132241,0000000096,東京都,多摩市,一本杉公園,イッポンスギコウエン,,東京都多摩市南野2-14,,旧加藤家横,,,3,2,1,0,2,2,0,0,0,0,1,有,無,無,,,,,,,,,,,,,,,,,
132241,0000000097,東京都,多摩市,一本杉公園,イッポンスギコウエン,,東京都多摩市南野2-14,,１塁側,35.607806,139.432195,6,5,1,0,2,2,0,0,0,0,0,無,無,無,,,,,,,,,,,,,,,,,
132241,0000000098,東京都,多摩市,一本杉公園,イッポンスギコウエン,,東京都多摩市南野2-14,,センター裏,35.609218,139.432345,4,3,1,0,2,2,0,0,0,0,1,有,無,無,,,,,,,,,,,,,,,,,
132241,0000000099,東京都,多摩市,瓜生公園,ウリュウコウエン,,東京都多摩市永山2-19-30,,,35.627830,139.443289,0,0,0,0,0,0,0,2,1,0,0,無,無,無,,,,,,,,,,,,,,,,,
132241,0000000100,東京都,多摩市,瓜生緑地,ウリュウリョクチ,,東京都多摩市永山5-8,,,35.618539,139.442841,4,3,1,0,2,2,0,0,0,0,1,有,無,無,,,,,,,,,,,,,,,,,
132241,0000000101,東京都,多摩市,榎戸公園　　　　　,エノキドコウエン,,東京都多摩市唐木田1-50-1,,,35.615821,139.408252,0,0,0,0,0,0,0,3,1,0,0,無,無,無,,,,,,,,,,,,,,,,,
132241,0000000102,東京都,多摩市,落合南公園,オチアイミナミコウエン,,東京都多摩市落合3-30,,,35.616763,139.428827,0,0,0,0,0,0,0,4,1,0,1,有,無,無,,,,,,,,,,,,,,,,,
132241,0000000103,東京都,多摩市,落合第１公園,オチアイダイ１コウエン,,東京都多摩市落合3-27,,,35.619111,139.431556,0,0,0,0,0,0,0,2,1,0,0,無,無,無,,,,,,,,,,,,,,,,,
132241,0000000104,東京都,多摩市,落合第２公園,オチアイダイ２コウエン,,東京都多摩市落合3-31,,,35.617615,139.430596,0,0,0,0,0,0,0,4,1,0,0,無,無,無,,,,,,,,,,,,,,,,,
132241,0000000105,東京都,多摩市,落合第３公園,オチアイダイ３コウエン,,東京都多摩市落合4-23,,,35.614836,139.430523,0,0,0,0,0,0,0,4,1,0,0,無,無,無,,,,,,,,,,,,,,,,,
132241,0000000106,東京都,多摩市,落合第４公園,オチアイダイ４コウエン,,東京都多摩市落合4-19,,,35.611917,139.430957,0,0,0,0,0,0,0,4,1,0,0,無,無,無,,,,,,,,,,,,,,,,,
132241,0000000107,東京都,多摩市,どんぐり山公園,ドングリヤマコウエン,,東京都多摩市落合2-25,,,35.616052,139.426573,0,0,0,0,0,0,0,3,1,0,0,無,無,無,,,,,,,,,,,,,,,,,
132241,0000000108,東京都,多摩市,大谷戸公園,オオヤトコウエン,,東京都多摩市連光寺5-17-1,,,35.639226,139.457714,4,2,2,0,3,3,0,0,0,0,1,有,無,無,,,,,,,,,,,,,,,,,
132241,0000000109,東京都,多摩市,大河原公園,オオガワラコウエン,,東京都多摩市関戸2-19-4,,,35.650830,139.453657,0,0,0,0,0,0,0,2,1,0,0,無,無,無,,,,,,,,,,,,,,,,,
132241,0000000110,東京都,多摩市,荻久保公園　,オギクボコウエン,,東京都多摩市落合6-8,,,35.611153,139.426520,0,0,0,0,0,0,0,3,1,0,0,無,無,無,,,,,,,,,,,,,,,,,
132241,0000000111,東京都,多摩市,貝取南公園,カイドリミナミコウエン,,東京都多摩市貝取4-13,,,35.616671,139.438813,4,3,1,0,2,2,0,0,0,0,1,有,無,無,,,,,,,,,,,,,,,,,
132241,0000000112,東京都,多摩市,貝取北公園,カイドリキタコウエン,,東京都多摩市貝取2-1-1,,,35.622377,139.440628,4,3,1,0,2,2,0,0,0,0,1,有,無,無,,,,,,,,,,,,,,,,,
132241,0000000113,東京都,多摩市,貝取第５公園,カイドリダイ５コウエン,,東京都多摩市貝取3-11,,,35.614476,139.442111,0,0,0,0,0,0,0,3,1,0,0,無,無,無,,,,,,,,,,,,,,,,,
132241,0000000114,東京都,多摩市,貝取第７公園,カイドリダイ７コウエン,,東京都多摩市貝取4-14,,,35.614651,139.439256,0,0,0,0,0,0,0,3,1,0,0,無,無,無,,,,,,,,,,,,,,,,,
132241,0000000115,東京都,多摩市,唐木田公園,カラキダコウエン,,東京都多摩市唐木田1-13-1,,,35.613827,139.406345,0,0,0,0,0,0,0,3,1,0,0,無,無,無,,,,,,,,,,,,,,,,,
132241,0000000116,東京都,多摩市,釜沼公園,カマヌマコウエン,,東京都多摩市貝取1-3,,,35.630787,139.440530,0,0,0,0,0,0,0,2,1,0,0,無,無,無,,,,,,,,,,,,,,,,,
132241,0000000117,東京都,多摩市,上之根公園,カミノネコウエン,,東京都多摩市愛宕4-26,,,35.628212,139.425831,3,2,1,0,1,1,0,0,0,0,0,無,無,無,,,,,,,,,,,,,,,,,
132241,0000000118,東京都,多摩市,くるまぼり公園,クルマボリコウエン,,東京都多摩市東寺方1-16-5,,,35.648248,139.441658,0,0,0,0,0,0,0,1,1,0,1,有,無,無,,,,,,,,,,,,,,,,,
132241,0000000119,東京都,多摩市,乞田・貝取ふれあい広場公園,コッタ・カイドリフレアイヒロバコウエン,,東京都多摩市乞田810-2,,,35.630925,139.434949,0,0,0,0,0,0,0,1,1,0,0,無,無,無,,,,,,,,,,,,,,,,,
132241,0000000120,東京都,多摩市,山王下公園,サンノウシタコウエン,,東京都多摩市山王下1-6,,,35.626230,139.421051,0,0,0,0,0,0,0,2,1,0,0,無,無,無,,,,,,,,,,,,,,,,,
132241,0000000121,東京都,多摩市,諏訪南公園,スワミナミコウエン,,東京都多摩市諏訪5-14-1,,,35.620269,139.452549,4,3,1,0,2,2,0,0,0,0,1,有,無,無,,,,,,,,,,,,,,,,,
132241,0000000122,東京都,多摩市,諏訪北公園,スワキタコウエン,,東京都多摩市諏訪3-11,,,35.628208,139.452152,3,2,1,0,1,1,0,0,0,0,1,有,無,無,,,,,,,,,,,,,,,,,
132241,0000000123,東京都,多摩市,諏訪第３公園,スワダイ３コウエン,,東京都多摩市諏訪2-10,,,35.623614,139.451452,0,0,0,0,0,0,0,2,1,0,0,無,無,無,,,,,,,,,,,,,,,,,
132241,0000000124,東京都,多摩市,李久保公園,スモモクボコウエン,,東京都多摩市唐木田1-42,,,35.615334,139.404846,0,0,0,0,0,0,0,3,1,0,0,無,無,無,,,,,,,,,,,,,,,,,
132241,0000000125,東京都,多摩市,関戸公園,セキドコウエン,,東京都多摩市関戸3-5地先,,,35.650399,139.459270,5,3,2,0,2,2,0,0,0,0,1,有,有,有,,,,,,,,,,,,,,,,,
132241,0000000126,東京都,多摩市,関戸三丁目公園,セキドサンチョウメコウエン,,東京都多摩市関戸3-10-9,,,35.649785,139.454543,0,0,0,0,0,0,0,2,1,0,1,有,無,無,,,,,,,,,,,,,,,,,
132241,0000000127,東京都,多摩市,多摩中央公園,タマチュウオウコウエン,,東京都多摩市落合2-35,,東側,,,4,3,1,0,2,2,0,0,0,0,1,有,無,無,,,,,,,,,,,,,,,,,
132241,0000000128,東京都,多摩市,多摩東公園,タマヒガシコウエン,,東京都多摩市諏訪4-9,,尾根幹線側,35.625204,139.461292,4,3,0,1,2,0,2,0,0,0,1,有,無,有,,,,,,,,,,,,,,,,,
132241,0000000129,東京都,多摩市,多摩東公園,タマヒガシコウエン,,東京都多摩市諏訪4-9,,広場側,35.625204,139.461292,4,3,0,1,4,0,4,0,0,0,1,有,無,有,,,,,,,,,,,,,,,,,
132241,0000000130,東京都,多摩市,宝野公園,タカラノコウエン,,東京都多摩市落合5-5,,,35.616015,139.423813,4,3,1,0,2,2,0,0,0,0,1,有,無,無,,,,,,,,,,,,,,,,,
132241,0000000131,東京都,多摩市,鶴牧東公園,ツルマキヒガシコウエン,,東京都多摩市鶴牧3-16,,,35.617214,139.419986,4,3,1,0,2,2,0,0,0,0,0,無,無,無,,,,,,,,,,,,,,,,,
132241,0000000132,東京都,多摩市,鶴牧西公園,ツルマキニシコウエン,,東京都多摩市鶴牧2-18,,みどりの家,,,3,2,1,0,2,2,0,0,0,0,1,有,無,無,,,,,,,,,,,,,,,,,
132241,0000000133,東京都,多摩市,鶴牧西公園,ツルマキニシコウエン,,東京都多摩市鶴牧2-18,,駐車場横,,,4,3,1,0,3,3,0,0,0,0,0,無,無,無,,,,,,,,,,,,,,,,,
132241,0000000134,東京都,多摩市,鶴牧西公園,ツルマキニシコウエン,,東京都多摩市鶴牧2-18,,農家風休憩施設,,,3,2,1,0,2,2,0,0,0,0,0,無,無,無,08:30,17:00,12月28日〜1月4日は使用不可,,,,,,,,,,,,,,
132241,0000000135,東京都,多摩市,鶴牧第１公園,ツルマキダイ１コウエン,,東京都多摩市鶴牧5-20,,,35.610640,139.423371,0,0,0,0,0,0,0,3,1,0,0,無,無,無,,,,,,,,,,,,,,,,,
132241,0000000136,東京都,多摩市,鶴ヶ峰公園,ツルガミネコウエン,,東京都多摩市落合1-23,,,35.623019,139.430412,0,0,0,0,0,0,0,2,1,0,0,無,無,無,,,,,,,,,,,,,,,,,
132241,0000000137,東京都,多摩市,豊ヶ丘南公園,トヨガオカミナミコウエン,,東京都多摩市豊ヶ丘5-12,,,35.615931,139.433993,4,3,1,0,2,2,0,0,0,0,1,有,無,無,,,,,,,,,,,,,,,,,
132241,0000000138,東京都,多摩市,豊ヶ丘北公園,トヨガオカキタコウエン,,東京都多摩市豊ケ丘1-39,,,35.626991,139.434673,4,3,1,0,2,2,0,0,0,0,1,有,無,無,,,,,,,,,,,,,,,,,
132241,0000000139,東京都,多摩市,豊ヶ丘第３公園,トヨガオカダイ３コウエン,,東京都多摩市豊ケ丘3-2-1,,,35.618427,139.436403,0,0,0,0,0,0,0,2,1,0,0,無,無,無,,,,,,,,,,,,,,,,,
132241,0000000140,東京都,多摩市,豊ヶ丘第６公園,トヨガオカダイ６コウエン,,東京都多摩市豊ケ丘5-13,,,35.613793,139.435031,0,0,0,0,0,0,0,2,1,0,0,無,無,無,,,,,,,,,,,,,,,,,
132241,0000000141,東京都,多摩市,豊ヶ丘第７公園,トヨガオカダイ７コウエン,,東京都多摩市豊ケ丘6-5,,,35.611329,139.434488,0,0,0,0,0,0,0,3,1,0,0,無,無,無,,,,,,,,,,,,,,,,,
132241,0000000142,東京都,多摩市,豊ヶ丘第９公園,トヨガオカダイ９コウエン,,東京都多摩市豊ケ丘2-3,,,35.620643,139.433350,0,0,0,0,0,0,0,3,1,0,0,無,無,無,,,,,,,,,,,,,,,,,
132241,0000000143,東京都,多摩市,とちのき公園,トチノキコウエン,,東京都多摩市豊ケ丘2-34,,,35.621471,139.437059,0,0,0,0,0,0,0,3,1,0,0,無,無,無,,,,,,,,,,,,,,,,,
132241,0000000144,東京都,多摩市,殿田中央公園,トノダチュウオウコウエン,,東京都多摩市和田133-1,,,35.645245,139.430955,0,0,0,0,0,0,0,2,1,0,0,無,無,無,,,,,,,,,,,,,,,,,
132241,0000000145,東京都,多摩市,永山北公園,ナガヤマキタコウエン,,東京都多摩市永山2-5,,,35.627683,139.448695,2,1,1,0,1,1,0,0,0,0,1,有,無,無,,,,,,,,,,,,,,,,,
132241,0000000146,東京都,多摩市,永山南公園,ナガヤマミナミコウエン,,東京都多摩市永山4-7-12,,,35.622045,139.448985,4,3,1,0,2,2,0,0,0,0,1,有,無,無,,,,,,,,,,,,,,,,,
132241,0000000147,東京都,多摩市,永山第４公園,ナガヤマダイ４コウエン,,東京都多摩市永山5-30-1,,,35.616517,139.445856,0,0,0,0,0,0,0,2,1,0,0,無,無,無,,,,,,,,,,,,,,,,,
132241,0000000148,東京都,多摩市,永山第６公園,ナガヤマダイ６コウエン,,東京都多摩市永山4-11,,,35.621214,139.446534,0,0,0,0,0,0,0,3,1,0,0,無,無,無,,,,,,,,,,,,,,,,,
132241,0000000149,東京都,多摩市,永山第７公園,ナガヤマダイ７コウエン,,東京都多摩市永山4-8,,,35.618715,139.450643,0,0,0,0,0,0,0,2,1,0,0,無,無,無,,,,,,,,,,,,,,,,,
132241,0000000150,東京都,多摩市,奈良原公園,ナラハラコウエン,,東京都多摩市鶴牧4-4,,,35.613111,139.420972,4,3,1,0,2,2,0,0,0,0,0,無,無,無,,,,,,,,,,,,,,,,,
132241,0000000151,東京都,多摩市,並木公園,ナミキコウエン,,東京都多摩市和田1551-1,,,35.645797,139.433758,3,2,1,0,1,1,0,0,0,0,0,無,無,無,,,,,,,,,,,,,,,,,
132241,0000000152,東京都,多摩市,中沢池公園,ナカザワイケコウエン,,東京都多摩市中沢1-33,,西側,35.620815,139.407896,0,0,0,0,0,0,0,3,1,0,0,無,無,無,,,,,,,,,,,,,,,,,
132241,0000000153,東京都,多摩市,中沢池公園,ナカザワイケコウエン,,東京都多摩市中沢1-33,,東側,35.620815,139.407896,2,1,1,0,1,1,0,0,0,0,0,無,無,無,,,,,,,,,,,,,,,,,
132241,0000000154,東京都,多摩市,中和田橋公園,ナカワダバシコウエン,,東京都多摩市和田2001-1,,,35.641825,139.428838,0,0,0,0,0,0,0,2,0,1,1,有,無,有,,,,,,,,,,,,,,,,,
132241,0000000155,東京都,多摩市,二反田公園,ニタンダコウエン,,東京都多摩市中沢2-23,,,35.618387,139.413577,0,0,0,0,0,0,0,2,1,0,0,無,無,無,,,,,,,,,,,,,,,,,
132241,0000000156,東京都,多摩市,八幡公園,ハチマンコウエン,,東京都多摩市豊ケ丘1-20,,,35.627699,139.430779,0,0,0,0,0,0,0,1,1,0,0,無,無,無,,,,,,,,,,,,,,,,,
132241,0000000157,東京都,多摩市,原峰公園,ハラミネコウエン,,東京都多摩市関戸6-25-12,,,35.640039,139.448020,3,2,1,0,2,2,0,0,0,0,0,無,無,無,,,,,,,,,,,,,,,,,
132241,0000000158,東京都,多摩市,東寺方中央公園,ヒガシテラカタチュウオウコウエン,,東京都多摩市落川1148-1,,,35.642358,139.438259,0,0,0,0,0,0,0,3,1,0,0,無,無,無,,,,,,,,,,,,,,,,,
132241,0000000159,東京都,多摩市,聖ヶ丘緑地,ヒジリガオカリョクチ,,東京都多摩市聖ケ丘3-48,,北側,35.632565,139.459705,0,0,0,0,0,0,0,3,1,0,0,無,無,無,,,,,,,,,,,,,,,,,
132241,0000000160,東京都,多摩市,聖ヶ丘緑地,ヒジリガオカリョクチ,,東京都多摩市聖ケ丘3-67,,南側,35.632565,139.459705,3,2,1,0,1,1,0,0,0,0,0,無,無,無,,,,,,,,,,,,,,,,,
132241,0000000161,東京都,多摩市,聖ヶ丘第１児童公園,ヒジリガオカダイ１ジドウコウエン,,東京都多摩市聖ケ丘1-16,,,35.638368,139.456181,0,0,0,0,0,0,0,2,1,0,0,無,無,無,,,,,,,,,,,,,,,,,
132241,0000000162,東京都,多摩市,聖ヶ丘第２児童公園,ヒジリガオカダイ２ジドウコウエン,,東京都多摩市聖ケ丘2-53,,,35.636485,139.455936,0,0,0,0,0,0,0,2,1,0,0,無,無,無,,,,,,,,,,,,,,,,,
132241,0000000163,東京都,多摩市,馬引沢南公園,マヒキザワミナミコウエン,,東京都多摩市聖ヶ丘4-22,,,35.626972,139.461098,4,3,1,0,2,2,0,0,0,0,0,無,無,無,,,,,,,,,,,,,,,,,
132241,0000000164,東京都,多摩市,馬引沢第１公園,マヒキザワダイ１コウエン,,東京都多摩市馬引沢2-5,,,35.633689,139.453090,0,0,0,0,0,0,0,2,1,0,0,無,無,無,,,,,,,,,,,,,,,,,
132241,0000000165,東京都,多摩市,馬引沢第２公園,マヒキザワダイ２コウエン,,東京都多摩市諏訪1-55-1,,,35.629047,139.453933,0,0,0,0,0,0,0,2,1,0,0,無,無,無,,,,,,,,,,,,,,,,,
132241,0000000166,東京都,多摩市,馬引沢第３公園,マヒキザワダイ３コウエン,,東京都多摩市馬引沢2-16,,,35.628227,139.456706,0,0,0,0,0,0,0,2,1,0,0,無,無,無,,,,,,,,,,,,,,,,,
132241,0000000167,東京都,多摩市,まろにえ公園,マロニエコウエン,,東京都多摩市鶴牧6-3,,,35.614321,139.416129,0,0,0,0,0,0,0,3,1,0,0,無,無,無,,,,,,,,,,,,,,,,,
132241,0000000168,東京都,多摩市,みどり公園,ミドリコウエン,,東京都多摩市貝取1-63,,,35.629271,139.439016,0,0,0,0,0,0,0,2,1,0,0,無,無,無,,,,,,,,,,,,,,,,,
132241,0000000169,東京都,多摩市,よこやまの道,ヨコヤマノミチ,,東京都多摩市唐木田3-5,,唐木田,,,0,0,0,0,0,0,0,0,0,0,1,有,無,無,08:00,18:00,4月〜8月は19:00まで使用可,,,,,,,,,,,,,,
132241,0000000170,東京都,多摩市,よこやまの道,ヨコヤマノミチ,,東京都多摩市南野3-12,,南野,,,0,0,0,0,0,0,0,0,0,0,1,有,無,無,08:00,18:00,4月〜8月は19:00まで使用可,,,,,,,,,,,,,,
132241,0000000171,東京都,多摩市,よこやまの道,ヨコヤマノミチ,,東京都多摩市永山7-12,,永山,,,0,0,0,0,0,0,0,0,0,0,1,有,無,無,08:00,18:00,4月〜8月は19:00まで使用可,,,,,,,,,,,,,,
132241,0000000172,東京都,多摩市,連光寺公園,レンコウジコウエン,,東京都多摩市連光寺5-8-6,,,35.636300,139.463433,4,3,1,0,3,3,0,0,0,0,1,有,無,無,,,,,,,,,,,,,,,,,
132241,0000000173,東京都,多摩市,和田公園,ワダコウエン,,東京都多摩市和田795,,,35.640364,139.430175,4,3,1,0,2,2,0,0,0,0,0,無,無,無,,,,,,,,,,,,,,,,,
132241,0000000174,東京都,多摩市,和田第１公園,ワダダイ１コウエン,,東京都多摩市和田3-56-1,,,35.635430,139.434164,0,0,0,0,0,0,0,3,1,0,0,無,無,無,,,,,,,,,,,,,,,,,
132241,0000000175,東京都,多摩市,宮之下公園,ミヤノシタコウエン,,東京都多摩市一ノ宮2-27-2,,,,,2,1,0,1,1,0,1,0,0,0,1,有,無,有,,,,,,,,,,,,,,,,,
132241,0000000176,東京都,多摩市,せいせき公園,セイセキコウエン,,東京都多摩市関戸1-19-2,,,,,3,2,0,1,2,0,2,0,0,0,1,有,有,有,,,,,,,,,,,,,,,,,
,,,,,,,,,,,,,,,,,,,,,,,,,,,,,,,,,,,,,,,,,,
,,,,,,,,,,,,,,,,,,,,,,,,,,,,,,,,,,,,,,,,,,
,,,,,,,,,,,,,,,,,,,,,,,,,,,,,,,,,,,,,,,,,,
,,,,,,,,,,,,,,,,,,,,,,,,,,,,,,,,,,,,,,,,,,
