データセットID,データセットタイトル,データセット説明,タグ, タグ（読み）,ライセンス,組織,事業説明等のページ,データ所管部署,データセット作成日時,データセット最終更新日時,更新頻度,カテゴリ（分類）,データタイトル,データURL,データ説明,形式,サイズ,並び順,データ作成日時,データ最終更新日時
t131105d0000000001,区民農園,区民農園一覧,,,クリエイティブ・コモンズ 表示（CC BY）,目黒区,https://www.city.meguro.tokyo.jp/kurashi/shizen/ikimono/kuminnoen.html,都市整備部道路公園課,2021/11/04 09:59:26,2021/12/13 13:45:11,1年,まちづくり,区民農園,https://data.bodik.jp/dataset/a0fa9b72-2089-4482-b997-a0b5091a3c97/resource/2b753c14-1550-454e-935d-8812040b6c89/download/131105_citizens_farm_20210401.csv,,CSV,1KB,0,2021/08/13 22:42:00,2021/08/13 22:42:00
t131105d0000000003,区内保育施設の空き状況（例月）,"空き状況はあくまでも予定です。状況が変わることもありますので、詳細についてはお問い合わせください。
",,,クリエイティブ・コモンズ 表示（CC BY）,目黒区,https://www.city.meguro.tokyo.jp/kosodatekyouiku/hoikuennado/hoikuen/ninka/index.html,子育て支援部保育課,2021/11/04 09:59:26,2023/10/24 15:42:11,月2回,医療・福祉,2021年9月01日　区内保育施設の空き状況,https://data.bodik.jp/dataset/4c8591a5-dff1-4e12-ad9a-420db9a960fe/resource/abc79e66-9b1d-4944-b09a-57a1e86db8a3/download/131105_available_child_care_20210901.csv,"・モニカ緑が丘園Aは３歳児クラス以降の連携施設として、モニカ都立大園が設定されています。 
・モニカ緑が丘縁Bは３歳児クラス以降の連携施設はありません
",CSV,12KB,0,2021/09/03 13:42:00,2021/09/03 13:42:00
t131105d0000000003,区内保育施設の空き状況（例月）,"空き状況はあくまでも予定です。状況が変わることもありますので、詳細についてはお問い合わせください。
",,,クリエイティブ・コモンズ 表示（CC BY）,目黒区,https://www.city.meguro.tokyo.jp/kosodatekyouiku/hoikuennado/hoikuen/ninka/index.html,子育て支援部保育課,2021/11/04 09:59:26,2023/10/24 15:42:11,月2回,医療・福祉,利用調整空き数　2021年8月20日,https://data.bodik.jp/dataset/4c8591a5-dff1-4e12-ad9a-420db9a960fe/resource/2f13de8d-5320-4802-9347-e364ef87da4b/download/131105_available_child_care_20210820.csv,"・モニカ緑が丘園Aは３歳児クラス以降の連携施設として、モニカ都立大園が設定されています。 
・モニカ緑が丘縁Bは３歳児クラス以降の連携施設はありません
",CSV,12KB,1,2021/08/29 20:22:00,2021/08/29 20:22:00
t131105d0000000004,町丁別・年齢別・男女別人口および町丁別世帯数　2019年度～2023年度,住民基本台帳,,,クリエイティブ・コモンズ 表示（CC BY）,目黒区,https://www.city.meguro.tokyo.jp/gyosei/tokei/tokei/jinko/index.html,区民生活部戸籍住民課,2021/11/04 09:59:27,2021/12/13 13:46:56,毎月,人口減少・少子高齢化,町丁別・年齢別・男女別人口および町丁別世帯数　2020年11月,https://data.bodik.jp/dataset/98331303-9277-4266-bac6-a637ab5e47a5/resource/e4bc8148-a949-4880-b2f0-9b8d243f9c3f/download/131105_population_20201101.csv,,CSV,20KB,0,2021/08/13 21:55:00,2021/08/13 21:55:00
t131105d0000000004,町丁別・年齢別・男女別人口および町丁別世帯数　2019年度～2023年度,住民基本台帳,,,クリエイティブ・コモンズ 表示（CC BY）,目黒区,https://www.city.meguro.tokyo.jp/gyosei/tokei/tokei/jinko/index.html,区民生活部戸籍住民課,2021/11/04 09:59:27,2021/12/13 13:46:56,毎月,人口減少・少子高齢化,町丁別・年齢別・男女別人口および町丁別世帯数　2021年8月,https://data.bodik.jp/dataset/98331303-9277-4266-bac6-a637ab5e47a5/resource/17856f1a-8797-4ff2-abd4-c132a156968c/download/131105_population_20210801.csv,,CSV,20KB,1,2021/08/13 21:58:00,2021/08/13 21:58:00
t131105d0000000004,町丁別・年齢別・男女別人口および町丁別世帯数　2019年度～2023年度,住民基本台帳,,,クリエイティブ・コモンズ 表示（CC BY）,目黒区,https://www.city.meguro.tokyo.jp/gyosei/tokei/tokei/jinko/index.html,区民生活部戸籍住民課,2021/11/04 09:59:27,2021/12/13 13:46:56,毎月,人口減少・少子高齢化,町丁別・年齢別・男女別人口および町丁別世帯数　2020年12月,https://data.bodik.jp/dataset/98331303-9277-4266-bac6-a637ab5e47a5/resource/82dab901-b575-408b-9be7-2e4d913b2f3b/download/131105_population_20201201.csv,,CSV,20KB,2,2021/08/13 21:55:00,2021/11/05 11:42:00
t131105d0000000004,町丁別・年齢別・男女別人口および町丁別世帯数　2019年度～2023年度,住民基本台帳,,,クリエイティブ・コモンズ 表示（CC BY）,目黒区,https://www.city.meguro.tokyo.jp/gyosei/tokei/tokei/jinko/index.html,区民生活部戸籍住民課,2021/11/04 09:59:27,2021/12/13 13:46:56,毎月,人口減少・少子高齢化,町丁別・年齢別・男女別人口および町丁別世帯数　2021年9月,https://data.bodik.jp/dataset/98331303-9277-4266-bac6-a637ab5e47a5/resource/d8eb4889-6f42-4427-961f-5f5c8bc4908e/download/131105_population_20210901.csv,,CSV,20KB,3,2021/09/08 10:16:00,2021/09/08 10:16:00
t131105d0000000004,町丁別・年齢別・男女別人口および町丁別世帯数　2019年度～2023年度,住民基本台帳,,,クリエイティブ・コモンズ 表示（CC BY）,目黒区,https://www.city.meguro.tokyo.jp/gyosei/tokei/tokei/jinko/index.html,区民生活部戸籍住民課,2021/11/04 09:59:27,2021/12/13 13:46:56,毎月,人口減少・少子高齢化,町丁別・年齢別・男女別人口および町丁別世帯数　2021年1月,https://data.bodik.jp/dataset/98331303-9277-4266-bac6-a637ab5e47a5/resource/003fb501-83cb-4781-84cd-743c87049340/download/131105_population_20210101.csv,,CSV,20KB,4,2021/08/13 21:56:00,2021/08/13 21:56:00
t131105d0000000004,町丁別・年齢別・男女別人口および町丁別世帯数　2019年度～2023年度,住民基本台帳,,,クリエイティブ・コモンズ 表示（CC BY）,目黒区,https://www.city.meguro.tokyo.jp/gyosei/tokei/tokei/jinko/index.html,区民生活部戸籍住民課,2021/11/04 09:59:27,2021/12/13 13:46:56,毎月,人口減少・少子高齢化,町丁別・年齢別・男女別人口および町丁別世帯数　2021年10月,https://data.bodik.jp/dataset/98331303-9277-4266-bac6-a637ab5e47a5/resource/8019010f-a2b1-4313-bcd8-45ade27d2a3d/download/131105_population_20211001.csv,,CSV,20KB,5,2021/10/06 16:16:00,2021/10/06 16:16:00
t131105d0000000004,町丁別・年齢別・男女別人口および町丁別世帯数　2019年度～2023年度,住民基本台帳,,,クリエイティブ・コモンズ 表示（CC BY）,目黒区,https://www.city.meguro.tokyo.jp/gyosei/tokei/tokei/jinko/index.html,区民生活部戸籍住民課,2021/11/04 09:59:27,2021/12/13 13:46:56,毎月,人口減少・少子高齢化,町丁別・年齢別・男女別人口および町丁別世帯数　2021年2月,https://data.bodik.jp/dataset/98331303-9277-4266-bac6-a637ab5e47a5/resource/add131e3-d11a-4e96-9acc-a124b2ad26ef/download/131105_population_20210201.csv,,CSV,20KB,6,2021/08/13 21:56:00,2021/08/13 21:56:00
t131105d0000000004,町丁別・年齢別・男女別人口および町丁別世帯数　2019年度～2023年度,住民基本台帳,,,クリエイティブ・コモンズ 表示（CC BY）,目黒区,https://www.city.meguro.tokyo.jp/gyosei/tokei/tokei/jinko/index.html,区民生活部戸籍住民課,2021/11/04 09:59:27,2021/12/13 13:46:56,毎月,人口減少・少子高齢化,町丁別・年齢別・男女別人口および町丁別世帯数　2021年11月,https://data.bodik.jp/dataset/98331303-9277-4266-bac6-a637ab5e47a5/resource/14540a15-9723-423f-958b-d131bc33f5bf/download/131105_population_20211101.csv,,CSV,20KB,7,2021/11/05 11:44:00,2021/11/05 11:44:00
t131105d0000000004,町丁別・年齢別・男女別人口および町丁別世帯数　2019年度～2023年度,住民基本台帳,,,クリエイティブ・コモンズ 表示（CC BY）,目黒区,https://www.city.meguro.tokyo.jp/gyosei/tokei/tokei/jinko/index.html,区民生活部戸籍住民課,2021/11/04 09:59:27,2021/12/13 13:46:56,毎月,人口減少・少子高齢化,町丁別・年齢別・男女別人口および町丁別世帯数　2021年3月,https://data.bodik.jp/dataset/98331303-9277-4266-bac6-a637ab5e47a5/resource/3640bf49-fafe-42a0-babe-a3252f1a7d33/download/131105_population_20210301.csv,,CSV,20KB,8,2021/08/13 21:56:00,2021/08/13 21:56:00
t131105d0000000004,町丁別・年齢別・男女別人口および町丁別世帯数　2019年度～2023年度,住民基本台帳,,,クリエイティブ・コモンズ 表示（CC BY）,目黒区,https://www.city.meguro.tokyo.jp/gyosei/tokei/tokei/jinko/index.html,区民生活部戸籍住民課,2021/11/04 09:59:27,2021/12/13 13:46:56,毎月,人口減少・少子高齢化,町丁別・年齢別・男女別人口および町丁別世帯数　2021年12月,https://data.bodik.jp/dataset/98331303-9277-4266-bac6-a637ab5e47a5/resource/ce853fb8-053a-430d-8c8d-6c13be9d5cc2/download/131105_population_20211201.csv,,CSV,20KB,9,2021/12/01 16:29:00,2021/12/01 16:29:00
t131105d0000000004,町丁別・年齢別・男女別人口および町丁別世帯数　2019年度～2023年度,住民基本台帳,,,クリエイティブ・コモンズ 表示（CC BY）,目黒区,https://www.city.meguro.tokyo.jp/gyosei/tokei/tokei/jinko/index.html,区民生活部戸籍住民課,2021/11/04 09:59:27,2021/12/13 13:46:56,毎月,人口減少・少子高齢化,町丁別・年齢別・男女別人口および町丁別世帯数　2021年4月,https://data.bodik.jp/dataset/98331303-9277-4266-bac6-a637ab5e47a5/resource/287486ea-8312-4de6-a1c7-89a5c16daf0f/download/131105_population_20210401.csv,,CSV,20KB,10,2021/08/13 21:57:00,2021/08/13 21:56:00
t131105d0000000004,町丁別・年齢別・男女別人口および町丁別世帯数　2019年度～2023年度,住民基本台帳,,,クリエイティブ・コモンズ 表示（CC BY）,目黒区,https://www.city.meguro.tokyo.jp/gyosei/tokei/tokei/jinko/index.html,区民生活部戸籍住民課,2021/11/04 09:59:27,2021/12/13 13:46:56,毎月,人口減少・少子高齢化,町丁別・年齢別・男女別人口および町丁別世帯数　2021年5月,https://data.bodik.jp/dataset/98331303-9277-4266-bac6-a637ab5e47a5/resource/0b6088fa-60fc-4c38-b571-82be340b1667/download/131105_population_20210501.csv,,CSV,20KB,11,2021/08/13 21:57:00,2021/08/13 21:57:00
t131105d0000000004,町丁別・年齢別・男女別人口および町丁別世帯数　2019年度～2023年度,住民基本台帳,,,クリエイティブ・コモンズ 表示（CC BY）,目黒区,https://www.city.meguro.tokyo.jp/gyosei/tokei/tokei/jinko/index.html,区民生活部戸籍住民課,2021/11/04 09:59:27,2021/12/13 13:46:56,毎月,人口減少・少子高齢化,町丁別・年齢別・男女別人口および町丁別世帯数　2021年6月,https://data.bodik.jp/dataset/98331303-9277-4266-bac6-a637ab5e47a5/resource/e58036d9-5c45-493f-8034-63ce3612dff7/download/131105_population_20210601.csv,,CSV,20KB,12,2021/08/13 21:57:00,2021/08/13 21:57:00
t131105d0000000004,町丁別・年齢別・男女別人口および町丁別世帯数　2019年度～2023年度,住民基本台帳,,,クリエイティブ・コモンズ 表示（CC BY）,目黒区,https://www.city.meguro.tokyo.jp/gyosei/tokei/tokei/jinko/index.html,区民生活部戸籍住民課,2021/11/04 09:59:27,2021/12/13 13:46:56,毎月,人口減少・少子高齢化,町丁別・年齢別・男女別人口および町丁別世帯数　2021年7月,https://data.bodik.jp/dataset/98331303-9277-4266-bac6-a637ab5e47a5/resource/98ef636e-e928-408b-a908-2c74c0e333a2/download/131105_population_20210701.csv,,CSV,20KB,13,2021/08/13 21:57:00,2021/11/05 11:43:00
t131105d0000000004,町丁別・年齢別・男女別人口および町丁別世帯数　2019年度～2023年度,住民基本台帳,,,クリエイティブ・コモンズ 表示（CC BY）,目黒区,https://www.city.meguro.tokyo.jp/gyosei/tokei/tokei/jinko/index.html,区民生活部戸籍住民課,2021/11/04 09:59:27,2021/12/13 13:46:56,毎月,人口減少・少子高齢化,町丁別・年齢別・男女別人口および町丁別世帯数　2020年4月,https://data.bodik.jp/dataset/98331303-9277-4266-bac6-a637ab5e47a5/resource/5391983f-b5a3-4f86-901c-c8525cf86d29/download/131105_population_20200401.csv,,CSV,20KB,14,2021/08/13 21:52:00,2021/08/13 21:52:00
t131105d0000000004,町丁別・年齢別・男女別人口および町丁別世帯数　2019年度～2023年度,住民基本台帳,,,クリエイティブ・コモンズ 表示（CC BY）,目黒区,https://www.city.meguro.tokyo.jp/gyosei/tokei/tokei/jinko/index.html,区民生活部戸籍住民課,2021/11/04 09:59:27,2021/12/13 13:46:56,毎月,人口減少・少子高齢化,町丁別・年齢別・男女別人口および町丁別世帯数　2020年5月,https://data.bodik.jp/dataset/98331303-9277-4266-bac6-a637ab5e47a5/resource/161df8f1-58b6-4a33-860d-bb9fdbaaaf05/download/131105_population_20200501.csv,,CSV,20KB,15,2021/08/13 21:53:00,2021/08/13 21:53:00
t131105d0000000004,町丁別・年齢別・男女別人口および町丁別世帯数　2019年度～2023年度,住民基本台帳,,,クリエイティブ・コモンズ 表示（CC BY）,目黒区,https://www.city.meguro.tokyo.jp/gyosei/tokei/tokei/jinko/index.html,区民生活部戸籍住民課,2021/11/04 09:59:27,2021/12/13 13:46:56,毎月,人口減少・少子高齢化,町丁別・年齢別・男女別人口および町丁別世帯数　2020年6月,https://data.bodik.jp/dataset/98331303-9277-4266-bac6-a637ab5e47a5/resource/31192b16-7921-4ac1-9038-6795316852d7/download/131105_population_20200601.csv,,CSV,20KB,16,2021/08/13 21:53:00,2021/08/13 21:53:00
t131105d0000000004,町丁別・年齢別・男女別人口および町丁別世帯数　2019年度～2023年度,住民基本台帳,,,クリエイティブ・コモンズ 表示（CC BY）,目黒区,https://www.city.meguro.tokyo.jp/gyosei/tokei/tokei/jinko/index.html,区民生活部戸籍住民課,2021/11/04 09:59:27,2021/12/13 13:46:56,毎月,人口減少・少子高齢化,町丁別・年齢別・男女別人口および町丁別世帯数　2020年7月,https://data.bodik.jp/dataset/98331303-9277-4266-bac6-a637ab5e47a5/resource/766cf741-b671-4900-bb02-0fc902f5ddfb/download/131105_population_20200701.csv,,CSV,20KB,17,2021/08/13 21:53:00,2021/08/13 21:53:00
t131105d0000000004,町丁別・年齢別・男女別人口および町丁別世帯数　2019年度～2023年度,住民基本台帳,,,クリエイティブ・コモンズ 表示（CC BY）,目黒区,https://www.city.meguro.tokyo.jp/gyosei/tokei/tokei/jinko/index.html,区民生活部戸籍住民課,2021/11/04 09:59:27,2021/12/13 13:46:56,毎月,人口減少・少子高齢化,町丁別・年齢別・男女別人口および町丁別世帯数　2020年8月,https://data.bodik.jp/dataset/98331303-9277-4266-bac6-a637ab5e47a5/resource/1fe619a9-fa48-4e78-b56d-1cb8863b351b/download/131105_population_20200801.csv,,CSV,20KB,18,2021/08/13 21:54:00,2021/08/13 21:54:00
t131105d0000000004,町丁別・年齢別・男女別人口および町丁別世帯数　2019年度～2023年度,住民基本台帳,,,クリエイティブ・コモンズ 表示（CC BY）,目黒区,https://www.city.meguro.tokyo.jp/gyosei/tokei/tokei/jinko/index.html,区民生活部戸籍住民課,2021/11/04 09:59:27,2021/12/13 13:46:56,毎月,人口減少・少子高齢化,町丁別・年齢別・男女別人口および町丁別世帯数　2020年9月,https://data.bodik.jp/dataset/98331303-9277-4266-bac6-a637ab5e47a5/resource/135fab89-d4a1-43b2-a2d8-39d92d7cee96/download/131105_population_20200901.csv,,CSV,20KB,19,2021/08/13 21:54:00,2021/08/13 21:54:00
t131105d0000000004,町丁別・年齢別・男女別人口および町丁別世帯数　2019年度～2023年度,住民基本台帳,,,クリエイティブ・コモンズ 表示（CC BY）,目黒区,https://www.city.meguro.tokyo.jp/gyosei/tokei/tokei/jinko/index.html,区民生活部戸籍住民課,2021/11/04 09:59:27,2021/12/13 13:46:56,毎月,人口減少・少子高齢化,町丁別・年齢別・男女別人口および町丁別世帯数　2020年10月,https://data.bodik.jp/dataset/98331303-9277-4266-bac6-a637ab5e47a5/resource/d5782d7b-80bf-445f-b9b5-f470e0f9ac74/download/131105_population_20201001.csv,,CSV,20KB,20,2021/08/13 21:55:00,2021/08/13 21:54:00
t131105d0000000007,ふるさと納税,目黒区のふるさと納税の一覧,,,クリエイティブ・コモンズ 表示（CC BY）,目黒区,https://www.city.meguro.tokyo.jp/gyosei/zaisei/kifu/furusatonozei.html,企画経営部秘書課,2021/11/04 09:59:27,2021/12/13 13:46:55,1年,税金,ふるさと納税　令和3年度,https://data.bodik.jp/dataset/82b53614-a4dd-45e3-8f89-d53adec6dfee/resource/07526899-5148-452a-b7df-50a2e960a7b1/download/131105_kifu_furusato_list_2020.csv,,CSV,152KB,0,2021/09/07 20:22:00,2021/09/16 19:12:00
t131105d0000000007,ふるさと納税,目黒区のふるさと納税の一覧,,,クリエイティブ・コモンズ 表示（CC BY）,目黒区,https://www.city.meguro.tokyo.jp/gyosei/zaisei/kifu/furusatonozei.html,企画経営部秘書課,2021/11/04 09:59:27,2021/12/13 13:46:55,1年,税金,ふるさと納税　令和2年度分,https://data.bodik.jp/dataset/82b53614-a4dd-45e3-8f89-d53adec6dfee/resource/07526899-5148-452a-b7df-50a2e960a7b1/download/131105_kifu_furusato_list_2020.csv,,CSV,152KB,1,2021/09/07 20:22:00,2021/10/25 12:13:00
t131105d0000000009,土のうステーション,目黒区内の土のうステーションの一覧,,,クリエイティブ・コモンズ 表示（CC BY）,目黒区,https://www.city.meguro.tokyo.jp/kurashi/anzen/bosai/type/ooame/index.html,都市整備部道路公園課,2021/11/04 09:59:28,2021/12/13 13:45:30,1年,防災・災害計画,土のうステーション,https://data.bodik.jp/dataset/2171d6ce-8cfd-4b81-9917-88cc1fd8a269/resource/6ce611de-49d2-4458-b92e-24b1acd2a623/download/131105_sandbag.csv,目黒区内の土のうを備蓄しているステーションの一覧,CSV,7KB,0,2021/08/11 09:54:00,2021/08/28 17:08:00
t131105d0000000010,選挙人名簿登録者数の推移,"目黒区の選挙人名簿登録者数の年別推移（各年12月2日現在および各年3か月ごと）
",,,クリエイティブ・コモンズ 表示（CC BY）,目黒区,https://www.city.meguro.tokyo.jp/gyosei/senkyo/meibo.html,選挙管理委員会事務局,2021/11/04 09:59:28,2021/12/13 13:47:01,3か月,生活,選挙人名簿登録者数の推移,https://data.bodik.jp/dataset/144d8f9d-984c-4beb-a6f0-920a93783bc8/resource/31abb7b4-b2b8-4ae5-9173-5d724eae9acb/download/131105_electoral_list.csv,各年12月2日現在の登録者数,CSV,1KB,2,2021/08/11 18:45:00,2021/08/14 09:28:00
t131105d0000000010,選挙人名簿登録者数の推移,"目黒区の選挙人名簿登録者数の年別推移（各年12月2日現在および各年3か月ごと）
",,,クリエイティブ・コモンズ 表示（CC BY）,目黒区,https://www.city.meguro.tokyo.jp/gyosei/senkyo/meibo.html,選挙管理委員会事務局,2021/11/04 09:59:28,2021/12/13 13:47:01,3か月,生活,選挙人名簿登録者数推移（定時登録）,https://data.bodik.jp/dataset/144d8f9d-984c-4beb-a6f0-920a93783bc8/resource/d1725937-c6bb-4fd9-aeae-ea4abebd2d04/download/131105_electoral_list_regular.csv,平成24年からの3か月ごとの推移,CSV,2KB,3,2021/08/14 09:03:00,2021/10/19 08:39:00
t131105d0000000011,区長・区議会議員選挙投票状況,"区長および区議会議員の選挙ごとの投票状況
",,,クリエイティブ・コモンズ 表示（CC BY）,目黒区,https://www.city.meguro.tokyo.jp/gyosei/senkyo/kiroku.html,選挙管理委員会事務局,2021/11/04 09:59:28,2021/12/13 13:47:01,随時,生活,区長・区議会議員選挙投票状況,https://data.bodik.jp/dataset/74eafdae-85d7-4f6a-80bb-d28cd80aac06/resource/e245466c-60cf-44a1-b651-bc9dd68db3aa/download/131105_electoral_voting_results.csv,,CSV,1KB,0,2021/08/11 18:54:00,2021/08/11 18:54:00
t131105d0000000012,保育所入所待機児童の推移,"目黒区内の保育所入所待機児童数の年度別推移
",,,クリエイティブ・コモンズ 表示（CC BY）,目黒区,https://www.city.meguro.tokyo.jp/kurashi/kosodate/hoiku/ninka/index.html,子育て支援部保育課,2021/11/04 09:59:29,2021/12/13 13:47:01,1年,その他,学童保育クラブ入所児童数の推移,https://data.bodik.jp/dataset/17e8415c-b2f9-4f4e-9d31-69dd04ed8d85/resource/4c2e6bfc-c0af-4651-868e-3d3c69bb0b11/download/131105_afterschool_daycare_club_children_number.csv,,CSV,1KB,0,2021/08/11 19:02:00,2021/08/11 19:02:00
t131105d0000000012,保育所入所待機児童の推移,"目黒区内の保育所入所待機児童数の年度別推移
",,,クリエイティブ・コモンズ 表示（CC BY）,目黒区,https://www.city.meguro.tokyo.jp/kurashi/kosodate/hoiku/ninka/index.html,子育て支援部保育課,2021/11/04 09:59:29,2021/12/13 13:47:01,1年,その他,保育所入所待機児童の推移,https://data.bodik.jp/dataset/2188c340-f90b-4ec4-9b13-5e3f36edaa69/resource/7a93c8ba-8794-491c-a332-e6897abc9ba2/download/131105_nersury_school_taiki.csv,,CSV,1KB,1,2021/08/11 19:42:00,2021/08/11 19:42:00
t131105d0000000013,保育所の年齢別園児数,"保育所の年齢別園児数の年度別推移
",,,クリエイティブ・コモンズ 表示（CC BY）,目黒区,https://www.city.meguro.tokyo.jp/kurashi/kosodate/hoiku/index.html,子育て支援部保育課,2021/11/04 09:59:29,2021/12/13 13:45:33,1年,その他,保育所の在園児数,https://data.bodik.jp/dataset/dc4bae70-cc01-4620-91f9-89ef58a0423c/resource/390dfc07-e4a4-4f24-b2ba-e1c6acf3435d/download/131105_nersury_school_age.csv,,CSV,1KB,0,2021/08/11 19:37:00,2021/08/11 19:37:00
t131105d0000000014,遊び場・防災広場等,"目黒区内の遊び場、防災広場等の一覧
",,,クリエイティブ・コモンズ 表示（CC BY）,目黒区,https://www.city.meguro.tokyo.jp/kurashi/sports_koen_yoka/koen/index.html,都市整備部道路公園課,2021/11/04 09:59:29,2021/12/13 13:47:02,1年,防災・災害計画,遊び場・防災広場等,https://data.bodik.jp/dataset/52cd2c4e-6154-43d3-a625-032d71e41dc1/resource/54b3bbc5-5319-46b0-a52c-110e2645aaea/download/131105_playground_and_disaster_prevebtion_square_20210401.csv,,CSV,1KB,0,2021/08/13 22:39:00,2021/08/13 22:39:00
t131105d0000000015,街路樹・緑地の状況の推移,"目黒区内の街路樹・緑地の年度別推移
",,,クリエイティブ・コモンズ 表示（CC BY）,目黒区,https://www.city.meguro.tokyo.jp/gyosei/soshiki/toshi_machi/midoridobokuseisaku.html,都市整備部みどり土木政策課,2021/11/04 09:59:29,2021/12/13 13:47:02,1年,防災・災害計画,街路樹・緑地の状況の推移,https://data.bodik.jp/dataset/f02b49d4-0775-4af5-8fd0-2f835b8dc384/resource/89939b94-3c27-49fc-b665-d906d2d8ba4a/download/131105_street_trees_and_green_spaces.csv,,CSV,1KB,0,2021/08/11 17:25:00,2021/08/11 17:25:00
t131105d0000000017,年齢3区分人口（国勢調査）,"マップ用街区別年齢3区分人口（国勢調査2015）
",,,クリエイティブ・コモンズ 表示（CC BY）,目黒区,https://www.city.meguro.tokyo.jp/gyosei/tokei/tokei/jinko/index.html,情報政策推進部行政情報マネジメント課,2021/11/04 09:59:30,2021/12/13 13:45:35,5年,人口減少・少子高齢化,年少人口　2015,https://data.bodik.jp/dataset/1269cfb1-3feb-499d-9486-68f9b2355c3e/resource/04b3f325-725b-40ca-a50d-7d1427d2a38f/download/003_13_131105_nesyojinko_2015.csv,,CSV,6KB,0,2021/08/14 09:17:00,2021/08/14 09:17:00
t131105d0000000017,年齢3区分人口（国勢調査）,"マップ用街区別年齢3区分人口（国勢調査2015）
",,,クリエイティブ・コモンズ 表示（CC BY）,目黒区,https://www.city.meguro.tokyo.jp/gyosei/tokei/tokei/jinko/index.html,情報政策推進部行政情報マネジメント課,2021/11/04 09:59:30,2021/12/13 13:45:35,5年,人口減少・少子高齢化,生産年齢人口　2015,https://data.bodik.jp/dataset/1269cfb1-3feb-499d-9486-68f9b2355c3e/resource/f27e8c55-3c95-4420-83d2-fb07ee8e6e21/download/003_13_131105_seisannjinko_2015.csv,,CSV,7KB,1,2021/08/14 09:17:00,2021/08/14 09:17:00
t131105d0000000017,年齢3区分人口（国勢調査）,"マップ用街区別年齢3区分人口（国勢調査2015）
",,,クリエイティブ・コモンズ 表示（CC BY）,目黒区,https://www.city.meguro.tokyo.jp/gyosei/tokei/tokei/jinko/index.html,情報政策推進部行政情報マネジメント課,2021/11/04 09:59:30,2021/12/13 13:45:35,5年,人口減少・少子高齢化,高齢人口　2015,https://data.bodik.jp/dataset/1269cfb1-3feb-499d-9486-68f9b2355c3e/resource/66cca200-6e17-4640-8d93-a3536b81047b/download/003_13_131105_koreijinko_2015.csv,,CSV,6KB,2,2021/08/14 09:18:00,2021/08/14 09:18:00
t131105d0000000018,資源回収量・収集拠点数・売却益,"目黒区の年度別の資源ごみ回収量・収集拠点数・売却益の推移
",,,クリエイティブ・コモンズ 表示（CC BY）,目黒区,https://www.city.meguro.tokyo.jp/kurashi/shizen/gomi/katei_sigen/index.html,環境清掃部清掃事務所,2021/11/04 09:59:30,2021/12/13 13:45:35,1年,環境,資源回収量・収集拠点数・売却益,https://data.bodik.jp/dataset/28417a5e-ec57-4676-9dbf-8c116fba12ce/resource/966c2391-0d93-45ef-b908-e200ac365a9f/download/131105_recyclable_waste.csv,,CSV,2KB,0,2021/08/24 16:21:00,2021/08/31 18:57:00
t131105d0000000019,ごみの収集量と搬入先処理状況の推移,目黒区内のごみ収集量と搬入先処理状況の年度別推移,,,クリエイティブ・コモンズ 表示（CC BY）,目黒区,https://www.city.meguro.tokyo.jp/kurashimenu/gomi/index.html,環境清掃部清掃事務所,2021/11/04 09:59:30,2021/12/13 13:47:03,1年,環境,ごみの収集量と搬入先処理状況の推移,https://data.bodik.jp/dataset/4af08507-9558-4049-ac77-e9e79ebe5d7c/resource/afc8a67d-cc39-4b48-8fbc-f6998a27d2a4/download/131105_garbage_collection_amount.csv,,CSV,1KB,0,2021/08/11 17:17:00,2021/08/11 17:17:00
t131105d0000000020,がん検診,がん検診の実績,,,クリエイティブ・コモンズ 表示（CC BY）,目黒区,https://www.city.meguro.tokyo.jp/kurashi/hoken_eisei/shinryo/index.html,健康推進部健康推進課,2021/11/04 09:59:30,2021/12/13 13:46:58,1年,医療・福祉,乳がん検診,https://data.bodik.jp/dataset/f19ea001-4a25-4b0a-9c29-e166372f4ad0/resource/4c456c90-dcfd-4897-acbf-c2a30d594414/download/131105_cancer_nyugan.csv,乳がん検診の実績,CSV,1KB,0,2021/08/11 10:02:00,2021/08/28 17:41:00
t131105d0000000020,がん検診,がん検診の実績,,,クリエイティブ・コモンズ 表示（CC BY）,目黒区,https://www.city.meguro.tokyo.jp/kurashi/hoken_eisei/shinryo/index.html,健康推進部健康推進課,2021/11/04 09:59:30,2021/12/13 13:46:58,1年,医療・福祉,胃がん検診,https://data.bodik.jp/dataset/f19ea001-4a25-4b0a-9c29-e166372f4ad0/resource/4b3254b2-7823-48aa-9790-9c0a5c19d215/download/131105_cancer_igan.csv,胃がん検診の実績,CSV,1KB,2,2021/08/11 10:02:00,2021/08/28 17:40:00
t131105d0000000020,がん検診,がん検診の実績,,,クリエイティブ・コモンズ 表示（CC BY）,目黒区,https://www.city.meguro.tokyo.jp/kurashi/hoken_eisei/shinryo/index.html,健康推進部健康推進課,2021/11/04 09:59:30,2021/12/13 13:46:58,1年,医療・福祉,肺がん検診,https://data.bodik.jp/dataset/f19ea001-4a25-4b0a-9c29-e166372f4ad0/resource/20e945de-b472-424a-b29a-8c33faa720b2/download/131105_cancer_haigan.csv,肺がん検診の実績,CSV,1KB,5,2021/08/11 10:03:00,2021/08/28 17:39:00
t131105d0000000020,がん検診,がん検診の実績,,,クリエイティブ・コモンズ 表示（CC BY）,目黒区,https://www.city.meguro.tokyo.jp/kurashi/hoken_eisei/shinryo/index.html,健康推進部健康推進課,2021/11/04 09:59:30,2021/12/13 13:46:58,1年,医療・福祉,子宮がん検診,https://data.bodik.jp/dataset/f19ea001-4a25-4b0a-9c29-e166372f4ad0/resource/71918859-13ec-4abf-8f3d-8b19270f2ec0/download/131105_cancer_shikyugan.csv,子宮がん検診の実績,CSV,1KB,6,2021/08/11 10:02:00,2021/08/28 17:41:00
t131105d0000000021,地域密着型介護サービス事業所,目黒区が指定した地域密着型介護サービス事業所の一覧,,,クリエイティブ・コモンズ 表示（CC BY）,目黒区,https://www.city.meguro.tokyo.jp/kurashi/kaigo/kaigoriyoannai/kyufu/service/index.html,健康福祉部介護保険課,2021/11/04 09:59:31,2021/12/13 13:45:38,随時,医療・福祉,地域密着型介護サービス事業所,https://data.bodik.jp/dataset/4d32f8f5-93d4-41d9-896e-db3b35582711/resource/07080f46-5435-4668-af7e-fe241b98be19/download/131105_community_based_long_term_care_service_0ffices.csv,,CSV,15KB,0,2021/08/21 11:00:00,2021/08/21 11:00:00
t131105d0000000022,町丁別・年齢別・男女別人口および町丁別世帯数　2015年度～2019年度,住民基本台帳,,,クリエイティブ・コモンズ 表示（CC BY）,目黒区,https://www.city.meguro.tokyo.jp/gyosei/tokei/tokei/jinko/index.html,区民生活部戸籍住民課,2021/11/04 09:59:31,2021/12/16 09:18:04,毎月,人口減少・少子高齢化, 町丁別・年齢別・男女別人口および町丁別世帯数　2015年4月,https://data.bodik.jp/dataset/cd2fc293-63f2-47ff-9c49-48bf6ba5ff19/resource/476a32a2-176c-4447-84bf-5718c04dc785/download/131105_population_20150401.csv,,CSV,19KB,0,2021/08/13 21:24:00,2021/08/13 21:24:00
t131105d0000000022,町丁別・年齢別・男女別人口および町丁別世帯数　2015年度～2019年度,住民基本台帳,,,クリエイティブ・コモンズ 表示（CC BY）,目黒区,https://www.city.meguro.tokyo.jp/gyosei/tokei/tokei/jinko/index.html,区民生活部戸籍住民課,2021/11/04 09:59:31,2021/12/16 09:18:04,毎月,人口減少・少子高齢化, 町丁別・年齢別・男女別人口および町丁別世帯数　2015年5月,https://data.bodik.jp/dataset/cd2fc293-63f2-47ff-9c49-48bf6ba5ff19/resource/5c0fac3b-0d07-4e63-b173-a3d3cf3f1cde/download/131105_population_20150501.csv,,CSV,19KB,1,2021/08/13 21:25:00,2021/08/13 21:25:00
t131105d0000000022,町丁別・年齢別・男女別人口および町丁別世帯数　2015年度～2019年度,住民基本台帳,,,クリエイティブ・コモンズ 表示（CC BY）,目黒区,https://www.city.meguro.tokyo.jp/gyosei/tokei/tokei/jinko/index.html,区民生活部戸籍住民課,2021/11/04 09:59:31,2021/12/16 09:18:04,毎月,人口減少・少子高齢化, 町丁別・年齢別・男女別人口および町丁別世帯数　2015年6月,https://data.bodik.jp/dataset/cd2fc293-63f2-47ff-9c49-48bf6ba5ff19/resource/f31fb3bc-31de-484f-a2d3-6aa222073aba/download/131105_population_20150601.csv,,CSV,19KB,2,2021/08/13 21:25:00,2021/08/13 21:25:00
t131105d0000000022,町丁別・年齢別・男女別人口および町丁別世帯数　2015年度～2019年度,住民基本台帳,,,クリエイティブ・コモンズ 表示（CC BY）,目黒区,https://www.city.meguro.tokyo.jp/gyosei/tokei/tokei/jinko/index.html,区民生活部戸籍住民課,2021/11/04 09:59:31,2021/12/16 09:18:04,毎月,人口減少・少子高齢化, 町丁別・年齢別・男女別人口および町丁別世帯数　2015年7月,https://data.bodik.jp/dataset/cd2fc293-63f2-47ff-9c49-48bf6ba5ff19/resource/1c710ca2-eabf-408f-8dde-975e6133e940/download/131105_population_20150701.csv,,CSV,19KB,3,2021/08/13 21:26:00,2021/08/13 21:26:00
t131105d0000000022,町丁別・年齢別・男女別人口および町丁別世帯数　2015年度～2019年度,住民基本台帳,,,クリエイティブ・コモンズ 表示（CC BY）,目黒区,https://www.city.meguro.tokyo.jp/gyosei/tokei/tokei/jinko/index.html,区民生活部戸籍住民課,2021/11/04 09:59:31,2021/12/16 09:18:04,毎月,人口減少・少子高齢化, 町丁別・年齢別・男女別人口および町丁別世帯数　2015年8月,https://data.bodik.jp/dataset/cd2fc293-63f2-47ff-9c49-48bf6ba5ff19/resource/e2fae646-00b2-4047-aac8-4ae4d8104ecd/download/131105_population_20150801.csv,,CSV,19KB,4,2021/08/13 21:26:00,2021/08/13 21:26:00
t131105d0000000022,町丁別・年齢別・男女別人口および町丁別世帯数　2015年度～2019年度,住民基本台帳,,,クリエイティブ・コモンズ 表示（CC BY）,目黒区,https://www.city.meguro.tokyo.jp/gyosei/tokei/tokei/jinko/index.html,区民生活部戸籍住民課,2021/11/04 09:59:31,2021/12/16 09:18:04,毎月,人口減少・少子高齢化, 町丁別・年齢別・男女別人口および町丁別世帯数　2015年9月,https://data.bodik.jp/dataset/cd2fc293-63f2-47ff-9c49-48bf6ba5ff19/resource/232856e4-1e8a-43d1-a319-87b2cdc5e729/download/131105_population_20150901.csv,,CSV,19KB,5,2021/08/13 21:26:00,2021/08/13 21:26:00
t131105d0000000022,町丁別・年齢別・男女別人口および町丁別世帯数　2015年度～2019年度,住民基本台帳,,,クリエイティブ・コモンズ 表示（CC BY）,目黒区,https://www.city.meguro.tokyo.jp/gyosei/tokei/tokei/jinko/index.html,区民生活部戸籍住民課,2021/11/04 09:59:31,2021/12/16 09:18:04,毎月,人口減少・少子高齢化, 町丁別・年齢別・男女別人口および町丁別世帯数　2015年10月,https://data.bodik.jp/dataset/cd2fc293-63f2-47ff-9c49-48bf6ba5ff19/resource/04860770-bd85-452f-b88b-bbea5efe2fcf/download/131105_population_20151001.csv,,CSV,19KB,6,2021/08/13 21:26:00,2021/08/13 21:26:00
t131105d0000000022,町丁別・年齢別・男女別人口および町丁別世帯数　2015年度～2019年度,住民基本台帳,,,クリエイティブ・コモンズ 表示（CC BY）,目黒区,https://www.city.meguro.tokyo.jp/gyosei/tokei/tokei/jinko/index.html,区民生活部戸籍住民課,2021/11/04 09:59:31,2021/12/16 09:18:04,毎月,人口減少・少子高齢化, 町丁別・年齢別・男女別人口および町丁別世帯数　2015年11月,https://data.bodik.jp/dataset/cd2fc293-63f2-47ff-9c49-48bf6ba5ff19/resource/15610d1e-4b52-4bfd-959f-718cde626a89/download/131105_population_20151101.csv,,CSV,19KB,7,2021/08/13 21:27:00,2021/08/13 21:27:00
t131105d0000000022,町丁別・年齢別・男女別人口および町丁別世帯数　2015年度～2019年度,住民基本台帳,,,クリエイティブ・コモンズ 表示（CC BY）,目黒区,https://www.city.meguro.tokyo.jp/gyosei/tokei/tokei/jinko/index.html,区民生活部戸籍住民課,2021/11/04 09:59:31,2021/12/16 09:18:04,毎月,人口減少・少子高齢化, 町丁別・年齢別・男女別人口および町丁別世帯数　2015年12月,https://data.bodik.jp/dataset/cd2fc293-63f2-47ff-9c49-48bf6ba5ff19/resource/7de8f762-d1fe-4070-a602-118dfa555286/download/131105_population_20151201.csv,,CSV,19KB,8,2021/08/13 21:27:00,2021/08/13 21:27:00
t131105d0000000022,町丁別・年齢別・男女別人口および町丁別世帯数　2015年度～2019年度,住民基本台帳,,,クリエイティブ・コモンズ 表示（CC BY）,目黒区,https://www.city.meguro.tokyo.jp/gyosei/tokei/tokei/jinko/index.html,区民生活部戸籍住民課,2021/11/04 09:59:31,2021/12/16 09:18:04,毎月,人口減少・少子高齢化,町丁別・年齢別・男女別人口および町丁別世帯数　2016年1月,https://data.bodik.jp/dataset/cd2fc293-63f2-47ff-9c49-48bf6ba5ff19/resource/31ea8a74-6cb4-4996-9f4c-95fae4729793/download/131105_population_20160101.csv,,CSV,19KB,9,2021/08/13 21:27:00,2021/08/13 21:27:00
t131105d0000000022,町丁別・年齢別・男女別人口および町丁別世帯数　2015年度～2019年度,住民基本台帳,,,クリエイティブ・コモンズ 表示（CC BY）,目黒区,https://www.city.meguro.tokyo.jp/gyosei/tokei/tokei/jinko/index.html,区民生活部戸籍住民課,2021/11/04 09:59:31,2021/12/16 09:18:04,毎月,人口減少・少子高齢化,町丁別・年齢別・男女別人口および町丁別世帯数　2016年2月,https://data.bodik.jp/dataset/cd2fc293-63f2-47ff-9c49-48bf6ba5ff19/resource/004b0d1a-f38b-4293-9466-819da61631c6/download/131105_population_20160201.csv,,CSV,19KB,10,2021/08/13 21:28:00,2021/08/13 21:28:00
t131105d0000000022,町丁別・年齢別・男女別人口および町丁別世帯数　2015年度～2019年度,住民基本台帳,,,クリエイティブ・コモンズ 表示（CC BY）,目黒区,https://www.city.meguro.tokyo.jp/gyosei/tokei/tokei/jinko/index.html,区民生活部戸籍住民課,2021/11/04 09:59:31,2021/12/16 09:18:04,毎月,人口減少・少子高齢化,町丁別・年齢別・男女別人口および町丁別世帯数　2016年3月,https://data.bodik.jp/dataset/cd2fc293-63f2-47ff-9c49-48bf6ba5ff19/resource/11415fdd-8829-4cd1-8190-539d176dec04/download/131105_population_20160301.csv,,CSV,19KB,11,2021/08/13 21:28:00,2021/08/13 21:28:00
t131105d0000000022,町丁別・年齢別・男女別人口および町丁別世帯数　2015年度～2019年度,住民基本台帳,,,クリエイティブ・コモンズ 表示（CC BY）,目黒区,https://www.city.meguro.tokyo.jp/gyosei/tokei/tokei/jinko/index.html,区民生活部戸籍住民課,2021/11/04 09:59:31,2021/12/16 09:18:04,毎月,人口減少・少子高齢化,町丁別・年齢別・男女別人口および町丁別世帯数　2016年4月,https://data.bodik.jp/dataset/cd2fc293-63f2-47ff-9c49-48bf6ba5ff19/resource/98a61039-2368-410b-bbbe-19a42d59ad91/download/131105_population_20160401.csv,,CSV,19KB,12,2021/08/13 21:28:00,2021/08/13 21:28:00
t131105d0000000022,町丁別・年齢別・男女別人口および町丁別世帯数　2015年度～2019年度,住民基本台帳,,,クリエイティブ・コモンズ 表示（CC BY）,目黒区,https://www.city.meguro.tokyo.jp/gyosei/tokei/tokei/jinko/index.html,区民生活部戸籍住民課,2021/11/04 09:59:31,2021/12/16 09:18:04,毎月,人口減少・少子高齢化,町丁別・年齢別・男女別人口および町丁別世帯数　2016年5月,https://data.bodik.jp/dataset/cd2fc293-63f2-47ff-9c49-48bf6ba5ff19/resource/0e07ee78-8d34-446f-997e-e7b7f297aad7/download/131105_population_20160501.csv,,CSV,19KB,13,2021/08/13 21:29:00,2021/08/13 21:29:00
t131105d0000000022,町丁別・年齢別・男女別人口および町丁別世帯数　2015年度～2019年度,住民基本台帳,,,クリエイティブ・コモンズ 表示（CC BY）,目黒区,https://www.city.meguro.tokyo.jp/gyosei/tokei/tokei/jinko/index.html,区民生活部戸籍住民課,2021/11/04 09:59:31,2021/12/16 09:18:04,毎月,人口減少・少子高齢化,町丁別・年齢別・男女別人口および町丁別世帯数　2016年6月,https://data.bodik.jp/dataset/cd2fc293-63f2-47ff-9c49-48bf6ba5ff19/resource/fc3bc3b8-b7cf-4305-801d-619701742afd/download/131105_population_20160601.csv,,CSV,19KB,14,2021/08/13 21:29:00,2021/08/13 21:29:00
t131105d0000000022,町丁別・年齢別・男女別人口および町丁別世帯数　2015年度～2019年度,住民基本台帳,,,クリエイティブ・コモンズ 表示（CC BY）,目黒区,https://www.city.meguro.tokyo.jp/gyosei/tokei/tokei/jinko/index.html,区民生活部戸籍住民課,2021/11/04 09:59:31,2021/12/16 09:18:04,毎月,人口減少・少子高齢化,町丁別・年齢別・男女別人口および町丁別世帯数　2016年7月,https://data.bodik.jp/dataset/cd2fc293-63f2-47ff-9c49-48bf6ba5ff19/resource/c541d169-7f4b-4a95-be86-6a4b2f3c6b92/download/131105_population_20160701.csv,,CSV,19KB,15,2021/08/13 21:29:00,2021/08/13 21:29:00
t131105d0000000022,町丁別・年齢別・男女別人口および町丁別世帯数　2015年度～2019年度,住民基本台帳,,,クリエイティブ・コモンズ 表示（CC BY）,目黒区,https://www.city.meguro.tokyo.jp/gyosei/tokei/tokei/jinko/index.html,区民生活部戸籍住民課,2021/11/04 09:59:31,2021/12/16 09:18:04,毎月,人口減少・少子高齢化,町丁別・年齢別・男女別人口および町丁別世帯数　2016年8月,https://data.bodik.jp/dataset/cd2fc293-63f2-47ff-9c49-48bf6ba5ff19/resource/49d77bd6-6888-4cc0-9b8f-ba546a8fc6af/download/131105_population_20160801.csv,,CSV,19KB,16,2021/08/13 21:30:00,2021/08/13 21:30:00
t131105d0000000022,町丁別・年齢別・男女別人口および町丁別世帯数　2015年度～2019年度,住民基本台帳,,,クリエイティブ・コモンズ 表示（CC BY）,目黒区,https://www.city.meguro.tokyo.jp/gyosei/tokei/tokei/jinko/index.html,区民生活部戸籍住民課,2021/11/04 09:59:31,2021/12/16 09:18:04,毎月,人口減少・少子高齢化,町丁別・年齢別・男女別人口および町丁別世帯数　2016年9月,https://data.bodik.jp/dataset/cd2fc293-63f2-47ff-9c49-48bf6ba5ff19/resource/bd1a0d82-2378-4df7-8226-0fb74000be48/download/131105_population_20160901.csv,,CSV,19KB,17,2021/08/13 21:30:00,2021/08/13 21:30:00
t131105d0000000022,町丁別・年齢別・男女別人口および町丁別世帯数　2015年度～2019年度,住民基本台帳,,,クリエイティブ・コモンズ 表示（CC BY）,目黒区,https://www.city.meguro.tokyo.jp/gyosei/tokei/tokei/jinko/index.html,区民生活部戸籍住民課,2021/11/04 09:59:31,2021/12/16 09:18:04,毎月,人口減少・少子高齢化,町丁別・年齢別・男女別人口および町丁別世帯数　2016年10月,https://data.bodik.jp/dataset/cd2fc293-63f2-47ff-9c49-48bf6ba5ff19/resource/0c35d81d-c2ea-49d7-bad5-9349216bf1fb/download/131105_population_20161001.csv,,CSV,19KB,18,2021/08/13 21:30:00,2021/08/13 21:30:00
t131105d0000000022,町丁別・年齢別・男女別人口および町丁別世帯数　2015年度～2019年度,住民基本台帳,,,クリエイティブ・コモンズ 表示（CC BY）,目黒区,https://www.city.meguro.tokyo.jp/gyosei/tokei/tokei/jinko/index.html,区民生活部戸籍住民課,2021/11/04 09:59:31,2021/12/16 09:18:04,毎月,人口減少・少子高齢化,町丁別・年齢別・男女別人口および町丁別世帯数　2016年11月,https://data.bodik.jp/dataset/cd2fc293-63f2-47ff-9c49-48bf6ba5ff19/resource/439ce5c6-a512-4f1b-917c-99d18ab462f5/download/131105_population_20161101.csv,,CSV,19KB,19,2021/08/13 21:31:00,2021/08/13 21:31:00
t131105d0000000022,町丁別・年齢別・男女別人口および町丁別世帯数　2015年度～2019年度,住民基本台帳,,,クリエイティブ・コモンズ 表示（CC BY）,目黒区,https://www.city.meguro.tokyo.jp/gyosei/tokei/tokei/jinko/index.html,区民生活部戸籍住民課,2021/11/04 09:59:31,2021/12/16 09:18:04,毎月,人口減少・少子高齢化,町丁別・年齢別・男女別人口および町丁別世帯数　2016年12月,https://data.bodik.jp/dataset/cd2fc293-63f2-47ff-9c49-48bf6ba5ff19/resource/945e859c-67b3-4920-abc6-ce122cc2c07d/download/131105_population_20161201.csv,,CSV,19KB,20,2021/08/13 21:31:00,2021/08/13 21:31:00
t131105d0000000022,町丁別・年齢別・男女別人口および町丁別世帯数　2015年度～2019年度,住民基本台帳,,,クリエイティブ・コモンズ 表示（CC BY）,目黒区,https://www.city.meguro.tokyo.jp/gyosei/tokei/tokei/jinko/index.html,区民生活部戸籍住民課,2021/11/04 09:59:31,2021/12/16 09:18:04,毎月,人口減少・少子高齢化,町丁別・年齢別・男女別人口および町丁別世帯数　2017年1月,https://data.bodik.jp/dataset/cd2fc293-63f2-47ff-9c49-48bf6ba5ff19/resource/1b17e3f3-8195-4a06-ace3-2b959891055b/download/131105_population_20170101.csv,,CSV,19KB,21,2021/08/13 21:32:00,2021/08/13 21:32:00
t131105d0000000022,町丁別・年齢別・男女別人口および町丁別世帯数　2015年度～2019年度,住民基本台帳,,,クリエイティブ・コモンズ 表示（CC BY）,目黒区,https://www.city.meguro.tokyo.jp/gyosei/tokei/tokei/jinko/index.html,区民生活部戸籍住民課,2021/11/04 09:59:31,2021/12/16 09:18:04,毎月,人口減少・少子高齢化,町丁別・年齢別・男女別人口および町丁別世帯数　2017年2月,https://data.bodik.jp/dataset/cd2fc293-63f2-47ff-9c49-48bf6ba5ff19/resource/ddf6f205-d468-4dba-a630-13a9622dddb9/download/131105_population_20170201.csv,,CSV,19KB,22,2021/08/13 21:32:00,2021/08/13 21:32:00
t131105d0000000022,町丁別・年齢別・男女別人口および町丁別世帯数　2015年度～2019年度,住民基本台帳,,,クリエイティブ・コモンズ 表示（CC BY）,目黒区,https://www.city.meguro.tokyo.jp/gyosei/tokei/tokei/jinko/index.html,区民生活部戸籍住民課,2021/11/04 09:59:31,2021/12/16 09:18:04,毎月,人口減少・少子高齢化,町丁別・年齢別・男女別人口および町丁別世帯数　2017年3月,https://data.bodik.jp/dataset/cd2fc293-63f2-47ff-9c49-48bf6ba5ff19/resource/b38c9c64-a19f-450a-8a52-a85a550a84fe/download/131105_population_20170301.csv,,CSV,20KB,23,2021/08/13 21:32:00,2021/08/13 21:32:00
t131105d0000000022,町丁別・年齢別・男女別人口および町丁別世帯数　2015年度～2019年度,住民基本台帳,,,クリエイティブ・コモンズ 表示（CC BY）,目黒区,https://www.city.meguro.tokyo.jp/gyosei/tokei/tokei/jinko/index.html,区民生活部戸籍住民課,2021/11/04 09:59:31,2021/12/16 09:18:04,毎月,人口減少・少子高齢化,町丁別・年齢別・男女別人口および町丁別世帯数　2017年4月,https://data.bodik.jp/dataset/cd2fc293-63f2-47ff-9c49-48bf6ba5ff19/resource/41b6456d-7824-482e-874e-b20964b5dab5/download/131105_population_20170401.csv,,CSV,20KB,24,2021/08/13 21:33:00,2021/08/13 21:33:00
t131105d0000000022,町丁別・年齢別・男女別人口および町丁別世帯数　2015年度～2019年度,住民基本台帳,,,クリエイティブ・コモンズ 表示（CC BY）,目黒区,https://www.city.meguro.tokyo.jp/gyosei/tokei/tokei/jinko/index.html,区民生活部戸籍住民課,2021/11/04 09:59:31,2021/12/16 09:18:04,毎月,人口減少・少子高齢化,町丁別・年齢別・男女別人口および町丁別世帯数　2017年5月,https://data.bodik.jp/dataset/cd2fc293-63f2-47ff-9c49-48bf6ba5ff19/resource/c8b3ff02-a1d3-45ff-8c34-629b7517eb59/download/131105_population_20170501.csv,,CSV,20KB,25,2021/08/13 21:33:00,2021/08/13 21:33:00
t131105d0000000022,町丁別・年齢別・男女別人口および町丁別世帯数　2015年度～2019年度,住民基本台帳,,,クリエイティブ・コモンズ 表示（CC BY）,目黒区,https://www.city.meguro.tokyo.jp/gyosei/tokei/tokei/jinko/index.html,区民生活部戸籍住民課,2021/11/04 09:59:31,2021/12/16 09:18:04,毎月,人口減少・少子高齢化,町丁別・年齢別・男女別人口および町丁別世帯数　2017年6月,https://data.bodik.jp/dataset/cd2fc293-63f2-47ff-9c49-48bf6ba5ff19/resource/2330f2fe-72fa-4ca2-baef-b39b4d78a836/download/131105_population_20170601.csv,,CSV,20KB,26,2021/08/13 21:33:00,2021/08/13 21:33:00
t131105d0000000022,町丁別・年齢別・男女別人口および町丁別世帯数　2015年度～2019年度,住民基本台帳,,,クリエイティブ・コモンズ 表示（CC BY）,目黒区,https://www.city.meguro.tokyo.jp/gyosei/tokei/tokei/jinko/index.html,区民生活部戸籍住民課,2021/11/04 09:59:31,2021/12/16 09:18:04,毎月,人口減少・少子高齢化,町丁別・年齢別・男女別人口および町丁別世帯数　2017年8月,https://data.bodik.jp/dataset/cd2fc293-63f2-47ff-9c49-48bf6ba5ff19/resource/e49652c0-fac6-4456-96ea-60e7660f5c6f/download/131105_population_20170801.csv,,CSV,20KB,27,2021/08/13 21:34:00,2021/08/13 21:34:00
t131105d0000000022,町丁別・年齢別・男女別人口および町丁別世帯数　2015年度～2019年度,住民基本台帳,,,クリエイティブ・コモンズ 表示（CC BY）,目黒区,https://www.city.meguro.tokyo.jp/gyosei/tokei/tokei/jinko/index.html,区民生活部戸籍住民課,2021/11/04 09:59:31,2021/12/16 09:18:04,毎月,人口減少・少子高齢化,町丁別・年齢別・男女別人口および町丁別世帯数　2017年9月,https://data.bodik.jp/dataset/cd2fc293-63f2-47ff-9c49-48bf6ba5ff19/resource/0e9d9a9a-d0ef-4a22-92e1-84bd7b18ee3c/download/131105_population_20170901.csv,,CSV,20KB,28,2021/08/13 21:34:00,2021/08/13 21:34:00
t131105d0000000022,町丁別・年齢別・男女別人口および町丁別世帯数　2015年度～2019年度,住民基本台帳,,,クリエイティブ・コモンズ 表示（CC BY）,目黒区,https://www.city.meguro.tokyo.jp/gyosei/tokei/tokei/jinko/index.html,区民生活部戸籍住民課,2021/11/04 09:59:31,2021/12/16 09:18:04,毎月,人口減少・少子高齢化,町丁別・年齢別・男女別人口および町丁別世帯数　2017年10月,https://data.bodik.jp/dataset/cd2fc293-63f2-47ff-9c49-48bf6ba5ff19/resource/2cc3d60d-5252-45ca-b1ef-45b06895987c/download/131105_population_20171001.csv,,CSV,20KB,29,2021/08/13 21:34:00,2021/08/13 21:34:00
t131105d0000000022,町丁別・年齢別・男女別人口および町丁別世帯数　2015年度～2019年度,住民基本台帳,,,クリエイティブ・コモンズ 表示（CC BY）,目黒区,https://www.city.meguro.tokyo.jp/gyosei/tokei/tokei/jinko/index.html,区民生活部戸籍住民課,2021/11/04 09:59:31,2021/12/16 09:18:04,毎月,人口減少・少子高齢化,町丁別・年齢別・男女別人口および町丁別世帯数　2017年11月,https://data.bodik.jp/dataset/cd2fc293-63f2-47ff-9c49-48bf6ba5ff19/resource/19ee28d3-9759-4d8f-936e-7dde35ba0ea4/download/131105_population_20171101.csv,,CSV,20KB,30,2021/08/13 21:35:00,2021/08/13 21:35:00
t131105d0000000022,町丁別・年齢別・男女別人口および町丁別世帯数　2015年度～2019年度,住民基本台帳,,,クリエイティブ・コモンズ 表示（CC BY）,目黒区,https://www.city.meguro.tokyo.jp/gyosei/tokei/tokei/jinko/index.html,区民生活部戸籍住民課,2021/11/04 09:59:31,2021/12/16 09:18:04,毎月,人口減少・少子高齢化,町丁別・年齢別・男女別人口および町丁別世帯数　2017年12月,https://data.bodik.jp/dataset/cd2fc293-63f2-47ff-9c49-48bf6ba5ff19/resource/69cf4b2f-8c6a-4402-98b0-8d8c652fa6df/download/131105_population_20171201.csv,,CSV,20KB,31,2021/08/13 21:35:00,2021/08/13 21:35:00
t131105d0000000022,町丁別・年齢別・男女別人口および町丁別世帯数　2015年度～2019年度,住民基本台帳,,,クリエイティブ・コモンズ 表示（CC BY）,目黒区,https://www.city.meguro.tokyo.jp/gyosei/tokei/tokei/jinko/index.html,区民生活部戸籍住民課,2021/11/04 09:59:31,2021/12/16 09:18:04,毎月,人口減少・少子高齢化,町丁別・年齢別・男女別人口および町丁別世帯数　2018年1月,https://data.bodik.jp/dataset/cd2fc293-63f2-47ff-9c49-48bf6ba5ff19/resource/976667f2-e991-4f5d-ab3b-f89313e5b1b2/download/131105_population_20180101.csv,,CSV,20KB,32,2021/08/13 21:36:00,2021/08/13 21:36:00
t131105d0000000022,町丁別・年齢別・男女別人口および町丁別世帯数　2015年度～2019年度,住民基本台帳,,,クリエイティブ・コモンズ 表示（CC BY）,目黒区,https://www.city.meguro.tokyo.jp/gyosei/tokei/tokei/jinko/index.html,区民生活部戸籍住民課,2021/11/04 09:59:31,2021/12/16 09:18:04,毎月,人口減少・少子高齢化,町丁別・年齢別・男女別人口および町丁別世帯数　2018年2月,https://data.bodik.jp/dataset/cd2fc293-63f2-47ff-9c49-48bf6ba5ff19/resource/f73aa5a9-b9f3-481e-b08f-b948c1f56c59/download/131105_population_20180201.csv,,CSV,20KB,33,2021/08/13 21:36:00,2021/08/13 21:36:00
t131105d0000000022,町丁別・年齢別・男女別人口および町丁別世帯数　2015年度～2019年度,住民基本台帳,,,クリエイティブ・コモンズ 表示（CC BY）,目黒区,https://www.city.meguro.tokyo.jp/gyosei/tokei/tokei/jinko/index.html,区民生活部戸籍住民課,2021/11/04 09:59:31,2021/12/16 09:18:04,毎月,人口減少・少子高齢化,町丁別・年齢別・男女別人口および町丁別世帯数　2018年3月,https://data.bodik.jp/dataset/cd2fc293-63f2-47ff-9c49-48bf6ba5ff19/resource/7cedd880-d384-4e7c-82ad-a7529fb5561e/download/131105_population_20180301.csv,,CSV,20KB,34,2021/08/13 21:36:00,2021/08/13 21:36:00
t131105d0000000022,町丁別・年齢別・男女別人口および町丁別世帯数　2015年度～2019年度,住民基本台帳,,,クリエイティブ・コモンズ 表示（CC BY）,目黒区,https://www.city.meguro.tokyo.jp/gyosei/tokei/tokei/jinko/index.html,区民生活部戸籍住民課,2021/11/04 09:59:31,2021/12/16 09:18:04,毎月,人口減少・少子高齢化,町丁別・年齢別・男女別人口および町丁別世帯数　2018年4月,https://data.bodik.jp/dataset/cd2fc293-63f2-47ff-9c49-48bf6ba5ff19/resource/a9163107-70c9-4137-98e6-8dbee49eabe1/download/131105_population_20180401.csv,,CSV,20KB,35,2021/08/13 21:37:00,2021/08/13 21:37:00
t131105d0000000022,町丁別・年齢別・男女別人口および町丁別世帯数　2015年度～2019年度,住民基本台帳,,,クリエイティブ・コモンズ 表示（CC BY）,目黒区,https://www.city.meguro.tokyo.jp/gyosei/tokei/tokei/jinko/index.html,区民生活部戸籍住民課,2021/11/04 09:59:31,2021/12/16 09:18:04,毎月,人口減少・少子高齢化,町丁別・年齢別・男女別人口および町丁別世帯数　2018年5月,https://data.bodik.jp/dataset/cd2fc293-63f2-47ff-9c49-48bf6ba5ff19/resource/7af87ef0-1bf6-4f4e-8061-4724a4d5d9d7/download/131105_population_20180501.csv,,CSV,20KB,36,2021/08/13 21:37:00,2021/08/13 21:37:00
t131105d0000000022,町丁別・年齢別・男女別人口および町丁別世帯数　2015年度～2019年度,住民基本台帳,,,クリエイティブ・コモンズ 表示（CC BY）,目黒区,https://www.city.meguro.tokyo.jp/gyosei/tokei/tokei/jinko/index.html,区民生活部戸籍住民課,2021/11/04 09:59:31,2021/12/16 09:18:04,毎月,人口減少・少子高齢化,町丁別・年齢別・男女別人口および町丁別世帯数　2018年6月,https://data.bodik.jp/dataset/cd2fc293-63f2-47ff-9c49-48bf6ba5ff19/resource/5ac75b1b-ccff-48f0-abe7-bcf74bfa2494/download/131105_population_20180601.csv,,CSV,20KB,37,2021/08/13 21:38:00,2021/08/13 21:38:00
t131105d0000000022,町丁別・年齢別・男女別人口および町丁別世帯数　2015年度～2019年度,住民基本台帳,,,クリエイティブ・コモンズ 表示（CC BY）,目黒区,https://www.city.meguro.tokyo.jp/gyosei/tokei/tokei/jinko/index.html,区民生活部戸籍住民課,2021/11/04 09:59:31,2021/12/16 09:18:04,毎月,人口減少・少子高齢化,町丁別・年齢別・男女別人口および町丁別世帯数　2018年7月,https://data.bodik.jp/dataset/cd2fc293-63f2-47ff-9c49-48bf6ba5ff19/resource/ff8ff8a2-c0e0-4980-8339-287483a8dbfa/download/131105_population_20180701.csv,,CSV,20KB,38,2021/08/13 21:38:00,2021/08/13 21:38:00
t131105d0000000022,町丁別・年齢別・男女別人口および町丁別世帯数　2015年度～2019年度,住民基本台帳,,,クリエイティブ・コモンズ 表示（CC BY）,目黒区,https://www.city.meguro.tokyo.jp/gyosei/tokei/tokei/jinko/index.html,区民生活部戸籍住民課,2021/11/04 09:59:31,2021/12/16 09:18:04,毎月,人口減少・少子高齢化,町丁別・年齢別・男女別人口および町丁別世帯数　2018年8月,https://data.bodik.jp/dataset/cd2fc293-63f2-47ff-9c49-48bf6ba5ff19/resource/f63a5c17-2ca2-47b7-b15f-288b73373baf/download/131105_population_20180801.csv,,CSV,20KB,39,2021/08/13 21:38:00,2021/08/13 21:38:00
t131105d0000000022,町丁別・年齢別・男女別人口および町丁別世帯数　2015年度～2019年度,住民基本台帳,,,クリエイティブ・コモンズ 表示（CC BY）,目黒区,https://www.city.meguro.tokyo.jp/gyosei/tokei/tokei/jinko/index.html,区民生活部戸籍住民課,2021/11/04 09:59:31,2021/12/16 09:18:04,毎月,人口減少・少子高齢化,町丁別・年齢別・男女別人口および町丁別世帯数　2018年9月,https://data.bodik.jp/dataset/cd2fc293-63f2-47ff-9c49-48bf6ba5ff19/resource/3a8412d3-9628-426c-a2b0-a7f07e5c1810/download/131105_population_20180901.csv,,CSV,20KB,40,2021/08/13 21:39:00,2021/08/13 21:39:00
t131105d0000000022,町丁別・年齢別・男女別人口および町丁別世帯数　2015年度～2019年度,住民基本台帳,,,クリエイティブ・コモンズ 表示（CC BY）,目黒区,https://www.city.meguro.tokyo.jp/gyosei/tokei/tokei/jinko/index.html,区民生活部戸籍住民課,2021/11/04 09:59:31,2021/12/16 09:18:04,毎月,人口減少・少子高齢化,町丁別・年齢別・男女別人口および町丁別世帯数　2018年10月,https://data.bodik.jp/dataset/cd2fc293-63f2-47ff-9c49-48bf6ba5ff19/resource/8fefc92a-08fd-452c-82cc-3a2f247021fb/download/131105_population_20181001.csv,,CSV,20KB,41,2021/08/13 21:39:00,2021/08/13 21:39:00
t131105d0000000022,町丁別・年齢別・男女別人口および町丁別世帯数　2015年度～2019年度,住民基本台帳,,,クリエイティブ・コモンズ 表示（CC BY）,目黒区,https://www.city.meguro.tokyo.jp/gyosei/tokei/tokei/jinko/index.html,区民生活部戸籍住民課,2021/11/04 09:59:31,2021/12/16 09:18:04,毎月,人口減少・少子高齢化,町丁別・年齢別・男女別人口および町丁別世帯数　2018年11月,https://data.bodik.jp/dataset/cd2fc293-63f2-47ff-9c49-48bf6ba5ff19/resource/d61ec39a-14e6-4a48-9e6b-2cb59232c966/download/131105_population_20181101.csv,,CSV,20KB,42,2021/08/13 21:40:00,2021/08/13 21:40:00
t131105d0000000022,町丁別・年齢別・男女別人口および町丁別世帯数　2015年度～2019年度,住民基本台帳,,,クリエイティブ・コモンズ 表示（CC BY）,目黒区,https://www.city.meguro.tokyo.jp/gyosei/tokei/tokei/jinko/index.html,区民生活部戸籍住民課,2021/11/04 09:59:31,2021/12/16 09:18:04,毎月,人口減少・少子高齢化,町丁別・年齢別・男女別人口および町丁別世帯数　2018年12月,https://data.bodik.jp/dataset/cd2fc293-63f2-47ff-9c49-48bf6ba5ff19/resource/373badf3-ffb0-4d0d-a3ae-d581114d6ac4/download/131105_population_20181201.csv,,CSV,20KB,43,2021/08/13 21:40:00,2021/08/13 21:40:00
t131105d0000000022,町丁別・年齢別・男女別人口および町丁別世帯数　2015年度～2019年度,住民基本台帳,,,クリエイティブ・コモンズ 表示（CC BY）,目黒区,https://www.city.meguro.tokyo.jp/gyosei/tokei/tokei/jinko/index.html,区民生活部戸籍住民課,2021/11/04 09:59:31,2021/12/16 09:18:04,毎月,人口減少・少子高齢化,町丁別・年齢別・男女別人口および町丁別世帯数　2019年1月,https://data.bodik.jp/dataset/cd2fc293-63f2-47ff-9c49-48bf6ba5ff19/resource/da129f1d-2078-4c96-b61a-c531b9f9cf12/download/131105_population_20190101.csv,,CSV,20KB,44,2021/08/13 21:40:00,2021/08/13 21:40:00
t131105d0000000022,町丁別・年齢別・男女別人口および町丁別世帯数　2015年度～2019年度,住民基本台帳,,,クリエイティブ・コモンズ 表示（CC BY）,目黒区,https://www.city.meguro.tokyo.jp/gyosei/tokei/tokei/jinko/index.html,区民生活部戸籍住民課,2021/11/04 09:59:31,2021/12/16 09:18:04,毎月,人口減少・少子高齢化,町丁別・年齢別・男女別人口および町丁別世帯数　2019年2月,https://data.bodik.jp/dataset/cd2fc293-63f2-47ff-9c49-48bf6ba5ff19/resource/e438e158-3b43-427b-89d7-de2e2d8a5d7d/download/131105_population_20190201.csv,,CSV,20KB,45,2021/08/13 21:41:00,2021/08/13 21:41:00
t131105d0000000022,町丁別・年齢別・男女別人口および町丁別世帯数　2015年度～2019年度,住民基本台帳,,,クリエイティブ・コモンズ 表示（CC BY）,目黒区,https://www.city.meguro.tokyo.jp/gyosei/tokei/tokei/jinko/index.html,区民生活部戸籍住民課,2021/11/04 09:59:31,2021/12/16 09:18:04,毎月,人口減少・少子高齢化,町丁別・年齢別・男女別人口および町丁別世帯数　2019年3月,https://data.bodik.jp/dataset/cd2fc293-63f2-47ff-9c49-48bf6ba5ff19/resource/3df05c69-f1fe-479d-8a59-ed656df6a625/download/131105_population_20190301.csv,,CSV,20KB,46,2021/08/13 21:41:00,2021/08/13 21:41:00
t131105d0000000022,町丁別・年齢別・男女別人口および町丁別世帯数　2015年度～2019年度,住民基本台帳,,,クリエイティブ・コモンズ 表示（CC BY）,目黒区,https://www.city.meguro.tokyo.jp/gyosei/tokei/tokei/jinko/index.html,区民生活部戸籍住民課,2021/11/04 09:59:31,2021/12/16 09:18:04,毎月,人口減少・少子高齢化,町丁別・年齢別・男女別人口および町丁別世帯数　2019年4月,https://data.bodik.jp/dataset/cd2fc293-63f2-47ff-9c49-48bf6ba5ff19/resource/cda142dd-8c23-4efd-a11f-bac487b2d517/download/131105_population_20190401.csv,,CSV,20KB,47,2021/08/13 21:42:00,2021/08/13 21:42:00
t131105d0000000022,町丁別・年齢別・男女別人口および町丁別世帯数　2015年度～2019年度,住民基本台帳,,,クリエイティブ・コモンズ 表示（CC BY）,目黒区,https://www.city.meguro.tokyo.jp/gyosei/tokei/tokei/jinko/index.html,区民生活部戸籍住民課,2021/11/04 09:59:31,2021/12/16 09:18:04,毎月,人口減少・少子高齢化,町丁別・年齢別・男女別人口および町丁別世帯数　2019年5月,https://data.bodik.jp/dataset/cd2fc293-63f2-47ff-9c49-48bf6ba5ff19/resource/a1dcdb51-e8dc-41cf-9b3b-eb8a887e52a6/download/131105_population_20190501.csv,,CSV,20KB,48,2021/08/13 21:42:00,2021/08/13 21:42:00
t131105d0000000022,町丁別・年齢別・男女別人口および町丁別世帯数　2015年度～2019年度,住民基本台帳,,,クリエイティブ・コモンズ 表示（CC BY）,目黒区,https://www.city.meguro.tokyo.jp/gyosei/tokei/tokei/jinko/index.html,区民生活部戸籍住民課,2021/11/04 09:59:31,2021/12/16 09:18:04,毎月,人口減少・少子高齢化,町丁別・年齢別・男女別人口および町丁別世帯数　2019年6月,https://data.bodik.jp/dataset/cd2fc293-63f2-47ff-9c49-48bf6ba5ff19/resource/6313e41a-e675-404c-8095-d30e4d7d610a/download/131105_population_20190601.csv,,CSV,20KB,49,2021/08/13 21:42:00,2021/08/13 21:42:00
t131105d0000000022,町丁別・年齢別・男女別人口および町丁別世帯数　2015年度～2019年度,住民基本台帳,,,クリエイティブ・コモンズ 表示（CC BY）,目黒区,https://www.city.meguro.tokyo.jp/gyosei/tokei/tokei/jinko/index.html,区民生活部戸籍住民課,2021/11/04 09:59:31,2021/12/16 09:18:04,毎月,人口減少・少子高齢化,町丁別・年齢別・男女別人口および町丁別世帯数　2019年7月,https://data.bodik.jp/dataset/cd2fc293-63f2-47ff-9c49-48bf6ba5ff19/resource/8341544e-d2e6-4c76-8754-bafbf471c3de/download/131105_population_20190701.csv,,CSV,20KB,50,2021/08/13 21:43:00,2021/08/13 21:43:00
t131105d0000000022,町丁別・年齢別・男女別人口および町丁別世帯数　2015年度～2019年度,住民基本台帳,,,クリエイティブ・コモンズ 表示（CC BY）,目黒区,https://www.city.meguro.tokyo.jp/gyosei/tokei/tokei/jinko/index.html,区民生活部戸籍住民課,2021/11/04 09:59:31,2021/12/16 09:18:04,毎月,人口減少・少子高齢化,町丁別・年齢別・男女別人口および町丁別世帯数　2019年8月,https://data.bodik.jp/dataset/cd2fc293-63f2-47ff-9c49-48bf6ba5ff19/resource/f689e9e6-490a-4b95-b96f-feb733614baa/download/131105_population_20190801.csv,,CSV,20KB,51,2021/08/13 21:43:00,2021/08/13 21:43:00
t131105d0000000022,町丁別・年齢別・男女別人口および町丁別世帯数　2015年度～2019年度,住民基本台帳,,,クリエイティブ・コモンズ 表示（CC BY）,目黒区,https://www.city.meguro.tokyo.jp/gyosei/tokei/tokei/jinko/index.html,区民生活部戸籍住民課,2021/11/04 09:59:31,2021/12/16 09:18:04,毎月,人口減少・少子高齢化,町丁別・年齢別・男女別人口および町丁別世帯数　2019年9月,https://data.bodik.jp/dataset/cd2fc293-63f2-47ff-9c49-48bf6ba5ff19/resource/3c04e1c7-558c-48b6-8009-29da20c08d87/download/131105_population_20190901.csv,,CSV,20KB,52,2021/08/13 21:43:00,2021/08/13 21:43:00
t131105d0000000022,町丁別・年齢別・男女別人口および町丁別世帯数　2015年度～2019年度,住民基本台帳,,,クリエイティブ・コモンズ 表示（CC BY）,目黒区,https://www.city.meguro.tokyo.jp/gyosei/tokei/tokei/jinko/index.html,区民生活部戸籍住民課,2021/11/04 09:59:31,2021/12/16 09:18:04,毎月,人口減少・少子高齢化,町丁別・年齢別・男女別人口および町丁別世帯数　2019年10月,https://data.bodik.jp/dataset/cd2fc293-63f2-47ff-9c49-48bf6ba5ff19/resource/4210f038-e2c9-4fc8-9421-6ead52abbfa9/download/131105_population_20191001.csv,,CSV,20KB,53,2021/08/13 21:44:00,2021/08/13 21:44:00
t131105d0000000022,町丁別・年齢別・男女別人口および町丁別世帯数　2015年度～2019年度,住民基本台帳,,,クリエイティブ・コモンズ 表示（CC BY）,目黒区,https://www.city.meguro.tokyo.jp/gyosei/tokei/tokei/jinko/index.html,区民生活部戸籍住民課,2021/11/04 09:59:31,2021/12/16 09:18:04,毎月,人口減少・少子高齢化,町丁別・年齢別・男女別人口および町丁別世帯数　2019年11月,https://data.bodik.jp/dataset/cd2fc293-63f2-47ff-9c49-48bf6ba5ff19/resource/bc38f0ce-278a-488b-a7b8-af0ea1aad0f8/download/131105_population_20191101.csv,,CSV,20KB,54,2021/08/13 21:44:00,2021/08/13 21:44:00
t131105d0000000022,町丁別・年齢別・男女別人口および町丁別世帯数　2015年度～2019年度,住民基本台帳,,,クリエイティブ・コモンズ 表示（CC BY）,目黒区,https://www.city.meguro.tokyo.jp/gyosei/tokei/tokei/jinko/index.html,区民生活部戸籍住民課,2021/11/04 09:59:31,2021/12/16 09:18:04,毎月,人口減少・少子高齢化,町丁別・年齢別・男女別人口および町丁別世帯数　2019年12月,https://data.bodik.jp/dataset/cd2fc293-63f2-47ff-9c49-48bf6ba5ff19/resource/bb508a2f-e98f-4765-b9e0-652d9eff6115/download/131105_population_20191201.csv,,CSV,20KB,55,2021/08/13 21:44:00,2021/08/13 21:44:00
t131105d0000000022,町丁別・年齢別・男女別人口および町丁別世帯数　2015年度～2019年度,住民基本台帳,,,クリエイティブ・コモンズ 表示（CC BY）,目黒区,https://www.city.meguro.tokyo.jp/gyosei/tokei/tokei/jinko/index.html,区民生活部戸籍住民課,2021/11/04 09:59:31,2021/12/16 09:18:04,毎月,人口減少・少子高齢化,町丁別・年齢別・男女別人口および町丁別世帯数　2020年1月,https://data.bodik.jp/dataset/cd2fc293-63f2-47ff-9c49-48bf6ba5ff19/resource/a6afad95-e7bb-455f-a705-6454e7c89f1c/download/131105_population_20200101.csv,,CSV,20KB,56,2021/08/13 21:45:00,2021/08/13 21:45:00
t131105d0000000022,町丁別・年齢別・男女別人口および町丁別世帯数　2015年度～2019年度,住民基本台帳,,,クリエイティブ・コモンズ 表示（CC BY）,目黒区,https://www.city.meguro.tokyo.jp/gyosei/tokei/tokei/jinko/index.html,区民生活部戸籍住民課,2021/11/04 09:59:31,2021/12/16 09:18:04,毎月,人口減少・少子高齢化,町丁別・年齢別・男女別人口および町丁別世帯数　2020年2月,https://data.bodik.jp/dataset/cd2fc293-63f2-47ff-9c49-48bf6ba5ff19/resource/a9960955-daf7-4cf2-a199-e6a530e84b25/download/131105_population_20200201.csv,,CSV,20KB,57,2021/08/13 21:45:00,2021/08/13 21:45:00
t131105d0000000022,町丁別・年齢別・男女別人口および町丁別世帯数　2015年度～2019年度,住民基本台帳,,,クリエイティブ・コモンズ 表示（CC BY）,目黒区,https://www.city.meguro.tokyo.jp/gyosei/tokei/tokei/jinko/index.html,区民生活部戸籍住民課,2021/11/04 09:59:31,2021/12/16 09:18:04,毎月,人口減少・少子高齢化,町丁別・年齢別・男女別人口および町丁別世帯数　2020年3月,https://data.bodik.jp/dataset/cd2fc293-63f2-47ff-9c49-48bf6ba5ff19/resource/6ba2078f-089b-43d7-8b68-2f7aa40b5a3e/download/131105_population_20200301.csv,,CSV,20KB,58,2021/08/13 21:46:00,2021/08/13 21:46:00
t131105d0000000023,町丁別・年齢別・男女別人口および町丁別世帯数　2010年度～2014年度,住民基本台帳,,,クリエイティブ・コモンズ 表示（CC BY）,目黒区,https://www.city.meguro.tokyo.jp/gyosei/tokei/tokei/jinko/index.html,区民生活部戸籍住民課,2021/11/04 09:59:31,2021/12/13 13:46:59,毎月,人口減少・少子高齢化,町丁別・年齢別・男女別人口および町丁別世帯数　2011年12月,https://data.bodik.jp/dataset/f2ebb4a8-b6d8-46af-b3e5-99c7f0daadca/resource/dc344342-aac6-4929-b0d4-188f359ec427/download/131105_population_20111201.csv,,CSV,19KB,0,2021/08/12 18:40:00,2021/08/12 18:40:00
t131105d0000000023,町丁別・年齢別・男女別人口および町丁別世帯数　2010年度～2014年度,住民基本台帳,,,クリエイティブ・コモンズ 表示（CC BY）,目黒区,https://www.city.meguro.tokyo.jp/gyosei/tokei/tokei/jinko/index.html,区民生活部戸籍住民課,2021/11/04 09:59:31,2021/12/13 13:46:59,毎月,人口減少・少子高齢化,町丁別・年齢別・男女別人口および町丁別世帯数　2012年1月,https://data.bodik.jp/dataset/f2ebb4a8-b6d8-46af-b3e5-99c7f0daadca/resource/f77fb028-47f2-4580-b02b-d6c276375400/download/131105_population_20120101.csv,,CSV,19KB,1,2021/08/12 18:40:00,2021/08/12 18:40:00
t131105d0000000023,町丁別・年齢別・男女別人口および町丁別世帯数　2010年度～2014年度,住民基本台帳,,,クリエイティブ・コモンズ 表示（CC BY）,目黒区,https://www.city.meguro.tokyo.jp/gyosei/tokei/tokei/jinko/index.html,区民生活部戸籍住民課,2021/11/04 09:59:31,2021/12/13 13:46:59,毎月,人口減少・少子高齢化,町丁別・年齢別・男女別人口および町丁別世帯数　2012年2月,https://data.bodik.jp/dataset/f2ebb4a8-b6d8-46af-b3e5-99c7f0daadca/resource/1fc0951c-f2d5-4668-8c1b-4bfc040d78a1/download/131105_population_20120201.csv,,CSV,19KB,2,2021/08/12 18:41:00,2021/08/12 18:42:00
t131105d0000000023,町丁別・年齢別・男女別人口および町丁別世帯数　2010年度～2014年度,住民基本台帳,,,クリエイティブ・コモンズ 表示（CC BY）,目黒区,https://www.city.meguro.tokyo.jp/gyosei/tokei/tokei/jinko/index.html,区民生活部戸籍住民課,2021/11/04 09:59:31,2021/12/13 13:46:59,毎月,人口減少・少子高齢化,町丁別・年齢別・男女別人口および町丁別世帯数　2012年3月,https://data.bodik.jp/dataset/f2ebb4a8-b6d8-46af-b3e5-99c7f0daadca/resource/3f21cd87-d6b7-49af-b055-ea5771a99a71/download/131105_population_20120301.csv,,CSV,19KB,3,2021/08/12 18:41:00,2021/08/12 18:42:00
t131105d0000000023,町丁別・年齢別・男女別人口および町丁別世帯数　2010年度～2014年度,住民基本台帳,,,クリエイティブ・コモンズ 表示（CC BY）,目黒区,https://www.city.meguro.tokyo.jp/gyosei/tokei/tokei/jinko/index.html,区民生活部戸籍住民課,2021/11/04 09:59:31,2021/12/13 13:46:59,毎月,人口減少・少子高齢化,町丁別・年齢別・男女別人口および町丁別世帯数　2012年4月,https://data.bodik.jp/dataset/f2ebb4a8-b6d8-46af-b3e5-99c7f0daadca/resource/62afe218-b2be-4dfd-92c5-053b41555961/download/131105_population_20120401.csv,,CSV,19KB,4,2021/08/12 18:43:00,2021/08/12 18:43:00
t131105d0000000023,町丁別・年齢別・男女別人口および町丁別世帯数　2010年度～2014年度,住民基本台帳,,,クリエイティブ・コモンズ 表示（CC BY）,目黒区,https://www.city.meguro.tokyo.jp/gyosei/tokei/tokei/jinko/index.html,区民生活部戸籍住民課,2021/11/04 09:59:31,2021/12/13 13:46:59,毎月,人口減少・少子高齢化,町丁別・年齢別・男女別人口および町丁別世帯数　2012年5月,https://data.bodik.jp/dataset/f2ebb4a8-b6d8-46af-b3e5-99c7f0daadca/resource/e48e89c3-9457-4365-aae8-508994e68410/download/131105_population_20120501.csv,,CSV,19KB,5,2021/08/12 18:43:00,2021/08/12 18:43:00
t131105d0000000023,町丁別・年齢別・男女別人口および町丁別世帯数　2010年度～2014年度,住民基本台帳,,,クリエイティブ・コモンズ 表示（CC BY）,目黒区,https://www.city.meguro.tokyo.jp/gyosei/tokei/tokei/jinko/index.html,区民生活部戸籍住民課,2021/11/04 09:59:31,2021/12/13 13:46:59,毎月,人口減少・少子高齢化,町丁別・年齢別・男女別人口および町丁別世帯数　2012年6月,https://data.bodik.jp/dataset/f2ebb4a8-b6d8-46af-b3e5-99c7f0daadca/resource/6cb4e45a-881a-40aa-a7d4-f75b8a1d2e61/download/131105_population_20120601.csv,,CSV,19KB,6,2021/08/12 18:44:00,2021/08/12 18:44:00
t131105d0000000023,町丁別・年齢別・男女別人口および町丁別世帯数　2010年度～2014年度,住民基本台帳,,,クリエイティブ・コモンズ 表示（CC BY）,目黒区,https://www.city.meguro.tokyo.jp/gyosei/tokei/tokei/jinko/index.html,区民生活部戸籍住民課,2021/11/04 09:59:31,2021/12/13 13:46:59,毎月,人口減少・少子高齢化,町丁別・年齢別・男女別人口および町丁別世帯数　2012年7月,https://data.bodik.jp/dataset/f2ebb4a8-b6d8-46af-b3e5-99c7f0daadca/resource/67f8623f-5fee-41d8-8de1-8cffbe4a6eee/download/131105_population_20120701.csv,,CSV,19KB,7,2021/08/12 18:44:00,2021/08/12 18:44:00
t131105d0000000023,町丁別・年齢別・男女別人口および町丁別世帯数　2010年度～2014年度,住民基本台帳,,,クリエイティブ・コモンズ 表示（CC BY）,目黒区,https://www.city.meguro.tokyo.jp/gyosei/tokei/tokei/jinko/index.html,区民生活部戸籍住民課,2021/11/04 09:59:31,2021/12/13 13:46:59,毎月,人口減少・少子高齢化,町丁別・年齢別・男女別人口および町丁別世帯数　2012年8月,https://data.bodik.jp/dataset/f2ebb4a8-b6d8-46af-b3e5-99c7f0daadca/resource/03c5fa6d-a1a0-4215-9a2e-1e5c226490eb/download/131105_population_20120801.csv,,CSV,19KB,8,2021/08/12 18:45:00,2021/08/12 18:45:00
t131105d0000000023,町丁別・年齢別・男女別人口および町丁別世帯数　2010年度～2014年度,住民基本台帳,,,クリエイティブ・コモンズ 表示（CC BY）,目黒区,https://www.city.meguro.tokyo.jp/gyosei/tokei/tokei/jinko/index.html,区民生活部戸籍住民課,2021/11/04 09:59:31,2021/12/13 13:46:59,毎月,人口減少・少子高齢化,町丁別・年齢別・男女別人口および町丁別世帯数　2012年9月,https://data.bodik.jp/dataset/f2ebb4a8-b6d8-46af-b3e5-99c7f0daadca/resource/afb8500e-8236-43a0-b0b3-3de41e7ac4bd/download/131105_population_20120901.csv,,CSV,19KB,9,2021/08/12 18:45:00,2021/08/12 18:45:00
t131105d0000000023,町丁別・年齢別・男女別人口および町丁別世帯数　2010年度～2014年度,住民基本台帳,,,クリエイティブ・コモンズ 表示（CC BY）,目黒区,https://www.city.meguro.tokyo.jp/gyosei/tokei/tokei/jinko/index.html,区民生活部戸籍住民課,2021/11/04 09:59:31,2021/12/13 13:46:59,毎月,人口減少・少子高齢化,町丁別・年齢別・男女別人口および町丁別世帯数　2012年10月,https://data.bodik.jp/dataset/f2ebb4a8-b6d8-46af-b3e5-99c7f0daadca/resource/b555c089-ad9c-4613-88c3-ec1dd5fe9804/download/131105_population_20121001.csv,,CSV,19KB,10,2021/08/12 18:45:00,2021/08/12 18:45:00
t131105d0000000023,町丁別・年齢別・男女別人口および町丁別世帯数　2010年度～2014年度,住民基本台帳,,,クリエイティブ・コモンズ 表示（CC BY）,目黒区,https://www.city.meguro.tokyo.jp/gyosei/tokei/tokei/jinko/index.html,区民生活部戸籍住民課,2021/11/04 09:59:31,2021/12/13 13:46:59,毎月,人口減少・少子高齢化,町丁別・年齢別・男女別人口および町丁別世帯数　2012年11月,https://data.bodik.jp/dataset/f2ebb4a8-b6d8-46af-b3e5-99c7f0daadca/resource/1cf00acf-84ed-4750-9ba8-857347400eeb/download/131105_population_20121101.csv,,CSV,19KB,11,2021/08/12 18:46:00,2021/08/12 18:46:00
t131105d0000000023,町丁別・年齢別・男女別人口および町丁別世帯数　2010年度～2014年度,住民基本台帳,,,クリエイティブ・コモンズ 表示（CC BY）,目黒区,https://www.city.meguro.tokyo.jp/gyosei/tokei/tokei/jinko/index.html,区民生活部戸籍住民課,2021/11/04 09:59:31,2021/12/13 13:46:59,毎月,人口減少・少子高齢化,町丁別・年齢別・男女別人口および町丁別世帯数　2012年12月,https://data.bodik.jp/dataset/f2ebb4a8-b6d8-46af-b3e5-99c7f0daadca/resource/8fed7a73-ab02-4157-ad70-3a0c06a43967/download/131105_population_20121201.csv,,CSV,19KB,12,2021/08/12 18:47:00,2021/08/12 18:47:00
t131105d0000000023,町丁別・年齢別・男女別人口および町丁別世帯数　2010年度～2014年度,住民基本台帳,,,クリエイティブ・コモンズ 表示（CC BY）,目黒区,https://www.city.meguro.tokyo.jp/gyosei/tokei/tokei/jinko/index.html,区民生活部戸籍住民課,2021/11/04 09:59:31,2021/12/13 13:46:59,毎月,人口減少・少子高齢化,町丁別・年齢別・男女別人口および町丁別世帯数　2013年1月,https://data.bodik.jp/dataset/f2ebb4a8-b6d8-46af-b3e5-99c7f0daadca/resource/08329068-3f78-4746-aa67-90ef47800032/download/131105_population_20130101.csv,,CSV,19KB,13,2021/08/12 18:48:00,2021/08/12 18:48:00
t131105d0000000023,町丁別・年齢別・男女別人口および町丁別世帯数　2010年度～2014年度,住民基本台帳,,,クリエイティブ・コモンズ 表示（CC BY）,目黒区,https://www.city.meguro.tokyo.jp/gyosei/tokei/tokei/jinko/index.html,区民生活部戸籍住民課,2021/11/04 09:59:31,2021/12/13 13:46:59,毎月,人口減少・少子高齢化,町丁別・年齢別・男女別人口および町丁別世帯数　2013年2月,https://data.bodik.jp/dataset/f2ebb4a8-b6d8-46af-b3e5-99c7f0daadca/resource/6ba8b7c4-e847-4856-9647-47d471f9f31b/download/131105_population_20130201.csv,,CSV,19KB,14,2021/08/12 18:49:00,2021/08/12 18:49:00
t131105d0000000023,町丁別・年齢別・男女別人口および町丁別世帯数　2010年度～2014年度,住民基本台帳,,,クリエイティブ・コモンズ 表示（CC BY）,目黒区,https://www.city.meguro.tokyo.jp/gyosei/tokei/tokei/jinko/index.html,区民生活部戸籍住民課,2021/11/04 09:59:31,2021/12/13 13:46:59,毎月,人口減少・少子高齢化,町丁別・年齢別・男女別人口および町丁別世帯数　2013年3月,https://data.bodik.jp/dataset/f2ebb4a8-b6d8-46af-b3e5-99c7f0daadca/resource/bb385415-635c-49ff-9c17-15d90ebdc435/download/131105_population_20130301.csv,,CSV,19KB,15,2021/08/12 18:49:00,2021/08/12 18:49:00
t131105d0000000023,町丁別・年齢別・男女別人口および町丁別世帯数　2010年度～2014年度,住民基本台帳,,,クリエイティブ・コモンズ 表示（CC BY）,目黒区,https://www.city.meguro.tokyo.jp/gyosei/tokei/tokei/jinko/index.html,区民生活部戸籍住民課,2021/11/04 09:59:31,2021/12/13 13:46:59,毎月,人口減少・少子高齢化,町丁別・年齢別・男女別人口および町丁別世帯数　2013年4月,https://data.bodik.jp/dataset/f2ebb4a8-b6d8-46af-b3e5-99c7f0daadca/resource/f98c4a88-0969-4fc0-8e1b-58f96fabe1d5/download/131105_population_20130401.csv,,CSV,19KB,16,2021/08/12 18:50:00,2021/08/12 18:50:00
t131105d0000000023,町丁別・年齢別・男女別人口および町丁別世帯数　2010年度～2014年度,住民基本台帳,,,クリエイティブ・コモンズ 表示（CC BY）,目黒区,https://www.city.meguro.tokyo.jp/gyosei/tokei/tokei/jinko/index.html,区民生活部戸籍住民課,2021/11/04 09:59:31,2021/12/13 13:46:59,毎月,人口減少・少子高齢化,町丁別・年齢別・男女別人口および町丁別世帯数　2013年5月,https://data.bodik.jp/dataset/f2ebb4a8-b6d8-46af-b3e5-99c7f0daadca/resource/49a5913b-367a-4559-ad50-2841858e8e6a/download/131105_population_20130501.csv,,CSV,19KB,17,2021/08/12 18:50:00,2021/08/12 18:50:00
t131105d0000000023,町丁別・年齢別・男女別人口および町丁別世帯数　2010年度～2014年度,住民基本台帳,,,クリエイティブ・コモンズ 表示（CC BY）,目黒区,https://www.city.meguro.tokyo.jp/gyosei/tokei/tokei/jinko/index.html,区民生活部戸籍住民課,2021/11/04 09:59:31,2021/12/13 13:46:59,毎月,人口減少・少子高齢化,町丁別・年齢別・男女別人口および町丁別世帯数　2013年6月,https://data.bodik.jp/dataset/f2ebb4a8-b6d8-46af-b3e5-99c7f0daadca/resource/cf12da11-e601-4027-9704-e28aedacbe4f/download/131105_population_20130601.csv,,CSV,19KB,18,2021/08/12 18:51:00,2021/08/12 18:51:00
t131105d0000000023,町丁別・年齢別・男女別人口および町丁別世帯数　2010年度～2014年度,住民基本台帳,,,クリエイティブ・コモンズ 表示（CC BY）,目黒区,https://www.city.meguro.tokyo.jp/gyosei/tokei/tokei/jinko/index.html,区民生活部戸籍住民課,2021/11/04 09:59:31,2021/12/13 13:46:59,毎月,人口減少・少子高齢化,町丁別・年齢別・男女別人口および町丁別世帯数　2013年7月,https://data.bodik.jp/dataset/f2ebb4a8-b6d8-46af-b3e5-99c7f0daadca/resource/47c35462-5b4e-48b0-9437-72abfa859280/download/131105_population_20130701.csv,,CSV,19KB,19,2021/08/12 18:51:00,2021/08/12 18:51:00
t131105d0000000023,町丁別・年齢別・男女別人口および町丁別世帯数　2010年度～2014年度,住民基本台帳,,,クリエイティブ・コモンズ 表示（CC BY）,目黒区,https://www.city.meguro.tokyo.jp/gyosei/tokei/tokei/jinko/index.html,区民生活部戸籍住民課,2021/11/04 09:59:31,2021/12/13 13:46:59,毎月,人口減少・少子高齢化,町丁別・年齢別・男女別人口および町丁別世帯数　2013年8月,https://data.bodik.jp/dataset/f2ebb4a8-b6d8-46af-b3e5-99c7f0daadca/resource/d9ad67df-d87b-415a-a09c-b0d20c119a51/download/131105_population_20130801.csv,,CSV,19KB,20,2021/08/12 18:52:00,2021/08/12 18:52:00
t131105d0000000023,町丁別・年齢別・男女別人口および町丁別世帯数　2010年度～2014年度,住民基本台帳,,,クリエイティブ・コモンズ 表示（CC BY）,目黒区,https://www.city.meguro.tokyo.jp/gyosei/tokei/tokei/jinko/index.html,区民生活部戸籍住民課,2021/11/04 09:59:31,2021/12/13 13:46:59,毎月,人口減少・少子高齢化,町丁別・年齢別・男女別人口および町丁別世帯数　2013年9月,https://data.bodik.jp/dataset/f2ebb4a8-b6d8-46af-b3e5-99c7f0daadca/resource/317adf75-358e-4430-97b8-835cc1a8d904/download/131105_population_20130901.csv,,CSV,19KB,21,2021/08/12 18:52:00,2021/08/12 18:52:00
t131105d0000000023,町丁別・年齢別・男女別人口および町丁別世帯数　2010年度～2014年度,住民基本台帳,,,クリエイティブ・コモンズ 表示（CC BY）,目黒区,https://www.city.meguro.tokyo.jp/gyosei/tokei/tokei/jinko/index.html,区民生活部戸籍住民課,2021/11/04 09:59:31,2021/12/13 13:46:59,毎月,人口減少・少子高齢化,町丁別・年齢別・男女別人口および町丁別世帯数　2013年10月,https://data.bodik.jp/dataset/f2ebb4a8-b6d8-46af-b3e5-99c7f0daadca/resource/761d2b71-2cec-4900-907c-729399946b90/download/131105_population_20131001.csv,,CSV,19KB,22,2021/08/12 18:52:00,2021/08/12 18:52:00
t131105d0000000023,町丁別・年齢別・男女別人口および町丁別世帯数　2010年度～2014年度,住民基本台帳,,,クリエイティブ・コモンズ 表示（CC BY）,目黒区,https://www.city.meguro.tokyo.jp/gyosei/tokei/tokei/jinko/index.html,区民生活部戸籍住民課,2021/11/04 09:59:31,2021/12/13 13:46:59,毎月,人口減少・少子高齢化,町丁別・年齢別・男女別人口および町丁別世帯数　2013年11月,https://data.bodik.jp/dataset/f2ebb4a8-b6d8-46af-b3e5-99c7f0daadca/resource/1c1d3da0-c9b6-451b-be91-ccca07e1e849/download/131105_population_20131101.csv,,CSV,19KB,23,2021/08/12 18:53:00,2021/08/12 18:53:00
t131105d0000000023,町丁別・年齢別・男女別人口および町丁別世帯数　2010年度～2014年度,住民基本台帳,,,クリエイティブ・コモンズ 表示（CC BY）,目黒区,https://www.city.meguro.tokyo.jp/gyosei/tokei/tokei/jinko/index.html,区民生活部戸籍住民課,2021/11/04 09:59:31,2021/12/13 13:46:59,毎月,人口減少・少子高齢化,町丁別・年齢別・男女別人口および町丁別世帯数　2013年12月,https://data.bodik.jp/dataset/f2ebb4a8-b6d8-46af-b3e5-99c7f0daadca/resource/ca17a501-32c3-4f97-b9fc-117df4d1f2c2/download/131105_population_20131201.csv,,CSV,19KB,24,2021/08/12 18:53:00,2021/08/12 18:53:00
t131105d0000000023,町丁別・年齢別・男女別人口および町丁別世帯数　2010年度～2014年度,住民基本台帳,,,クリエイティブ・コモンズ 表示（CC BY）,目黒区,https://www.city.meguro.tokyo.jp/gyosei/tokei/tokei/jinko/index.html,区民生活部戸籍住民課,2021/11/04 09:59:31,2021/12/13 13:46:59,毎月,人口減少・少子高齢化,町丁別・年齢別・男女別人口および町丁別世帯数　2014年1月,https://data.bodik.jp/dataset/f2ebb4a8-b6d8-46af-b3e5-99c7f0daadca/resource/4b256fb5-6082-4fb4-86cb-90bf76308ead/download/131105_population_20140101.csv,,CSV,19KB,25,2021/08/12 18:54:00,2021/08/12 18:54:00
t131105d0000000023,町丁別・年齢別・男女別人口および町丁別世帯数　2010年度～2014年度,住民基本台帳,,,クリエイティブ・コモンズ 表示（CC BY）,目黒区,https://www.city.meguro.tokyo.jp/gyosei/tokei/tokei/jinko/index.html,区民生活部戸籍住民課,2021/11/04 09:59:31,2021/12/13 13:46:59,毎月,人口減少・少子高齢化,町丁別・年齢別・男女別人口および町丁別世帯数　2014年2月,https://data.bodik.jp/dataset/f2ebb4a8-b6d8-46af-b3e5-99c7f0daadca/resource/97c19b2e-0061-4a8d-8658-378e6f621b2a/download/131105_population_20140201.csv,,CSV,19KB,26,2021/08/12 18:54:00,2021/08/12 18:54:00
t131105d0000000023,町丁別・年齢別・男女別人口および町丁別世帯数　2010年度～2014年度,住民基本台帳,,,クリエイティブ・コモンズ 表示（CC BY）,目黒区,https://www.city.meguro.tokyo.jp/gyosei/tokei/tokei/jinko/index.html,区民生活部戸籍住民課,2021/11/04 09:59:31,2021/12/13 13:46:59,毎月,人口減少・少子高齢化,町丁別・年齢別・男女別人口および町丁別世帯数　2014年3月,https://data.bodik.jp/dataset/f2ebb4a8-b6d8-46af-b3e5-99c7f0daadca/resource/a6bfae1c-46c3-44c7-85ae-116b58b4a2d8/download/131105_population_20140301.csv,,CSV,19KB,27,2021/08/12 18:55:00,2021/08/12 18:55:00
t131105d0000000023,町丁別・年齢別・男女別人口および町丁別世帯数　2010年度～2014年度,住民基本台帳,,,クリエイティブ・コモンズ 表示（CC BY）,目黒区,https://www.city.meguro.tokyo.jp/gyosei/tokei/tokei/jinko/index.html,区民生活部戸籍住民課,2021/11/04 09:59:31,2021/12/13 13:46:59,毎月,人口減少・少子高齢化,町丁別・年齢別・男女別人口および町丁別世帯数　2014年4月,https://data.bodik.jp/dataset/f2ebb4a8-b6d8-46af-b3e5-99c7f0daadca/resource/84e0e419-5a60-442e-8f64-1a7a352b58fd/download/131105_population_20140401.csv,,CSV,19KB,28,2021/08/12 18:55:00,2021/08/12 18:55:00
t131105d0000000023,町丁別・年齢別・男女別人口および町丁別世帯数　2010年度～2014年度,住民基本台帳,,,クリエイティブ・コモンズ 表示（CC BY）,目黒区,https://www.city.meguro.tokyo.jp/gyosei/tokei/tokei/jinko/index.html,区民生活部戸籍住民課,2021/11/04 09:59:31,2021/12/13 13:46:59,毎月,人口減少・少子高齢化,町丁別・年齢別・男女別人口および町丁別世帯数　2014年5月,https://data.bodik.jp/dataset/f2ebb4a8-b6d8-46af-b3e5-99c7f0daadca/resource/c516ea22-10c2-4505-bb21-fe0c816a59cc/download/131105_population_20140501.csv,,CSV,19KB,29,2021/08/12 18:56:00,2021/08/12 18:56:00
t131105d0000000023,町丁別・年齢別・男女別人口および町丁別世帯数　2010年度～2014年度,住民基本台帳,,,クリエイティブ・コモンズ 表示（CC BY）,目黒区,https://www.city.meguro.tokyo.jp/gyosei/tokei/tokei/jinko/index.html,区民生活部戸籍住民課,2021/11/04 09:59:31,2021/12/13 13:46:59,毎月,人口減少・少子高齢化,町丁別・年齢別・男女別人口および町丁別世帯数　2014年6月,https://data.bodik.jp/dataset/f2ebb4a8-b6d8-46af-b3e5-99c7f0daadca/resource/49945580-50fd-4058-923f-a919cd3b7917/download/131105_population_20140601.csv,,CSV,19KB,30,2021/08/12 18:56:00,2021/08/12 18:56:00
t131105d0000000023,町丁別・年齢別・男女別人口および町丁別世帯数　2010年度～2014年度,住民基本台帳,,,クリエイティブ・コモンズ 表示（CC BY）,目黒区,https://www.city.meguro.tokyo.jp/gyosei/tokei/tokei/jinko/index.html,区民生活部戸籍住民課,2021/11/04 09:59:31,2021/12/13 13:46:59,毎月,人口減少・少子高齢化,町丁別・年齢別・男女別人口および町丁別世帯数　2014年7月,https://data.bodik.jp/dataset/f2ebb4a8-b6d8-46af-b3e5-99c7f0daadca/resource/72d6b695-8216-4bf1-94d6-a55f26622ffe/download/131105_population_20140701.csv,,CSV,19KB,31,2021/08/12 18:57:00,2021/08/12 18:57:00
t131105d0000000023,町丁別・年齢別・男女別人口および町丁別世帯数　2010年度～2014年度,住民基本台帳,,,クリエイティブ・コモンズ 表示（CC BY）,目黒区,https://www.city.meguro.tokyo.jp/gyosei/tokei/tokei/jinko/index.html,区民生活部戸籍住民課,2021/11/04 09:59:31,2021/12/13 13:46:59,毎月,人口減少・少子高齢化,町丁別・年齢別・男女別人口および町丁別世帯数　2014年8月,https://data.bodik.jp/dataset/f2ebb4a8-b6d8-46af-b3e5-99c7f0daadca/resource/3bebca0b-e8e7-4b3d-abf0-80c04323b1fb/download/131105_population_20140801.csv,,CSV,19KB,32,2021/08/12 18:57:00,2021/08/12 18:57:00
t131105d0000000023,町丁別・年齢別・男女別人口および町丁別世帯数　2010年度～2014年度,住民基本台帳,,,クリエイティブ・コモンズ 表示（CC BY）,目黒区,https://www.city.meguro.tokyo.jp/gyosei/tokei/tokei/jinko/index.html,区民生活部戸籍住民課,2021/11/04 09:59:31,2021/12/13 13:46:59,毎月,人口減少・少子高齢化,町丁別・年齢別・男女別人口および町丁別世帯数　2014年9月,https://data.bodik.jp/dataset/f2ebb4a8-b6d8-46af-b3e5-99c7f0daadca/resource/39cbe842-25b4-4f22-80fa-2b04076b7bac/download/131105_population_20140901.csv,,CSV,19KB,33,2021/08/12 18:57:00,2021/08/12 18:57:00
t131105d0000000023,町丁別・年齢別・男女別人口および町丁別世帯数　2010年度～2014年度,住民基本台帳,,,クリエイティブ・コモンズ 表示（CC BY）,目黒区,https://www.city.meguro.tokyo.jp/gyosei/tokei/tokei/jinko/index.html,区民生活部戸籍住民課,2021/11/04 09:59:31,2021/12/13 13:46:59,毎月,人口減少・少子高齢化,町丁別・年齢別・男女別人口および町丁別世帯数　2014年10月,https://data.bodik.jp/dataset/f2ebb4a8-b6d8-46af-b3e5-99c7f0daadca/resource/6b3131f2-6681-4179-8aa2-df616ed86d09/download/131105_population_20141001.csv,,CSV,19KB,34,2021/08/12 18:58:00,2021/08/12 18:58:00
t131105d0000000023,町丁別・年齢別・男女別人口および町丁別世帯数　2010年度～2014年度,住民基本台帳,,,クリエイティブ・コモンズ 表示（CC BY）,目黒区,https://www.city.meguro.tokyo.jp/gyosei/tokei/tokei/jinko/index.html,区民生活部戸籍住民課,2021/11/04 09:59:31,2021/12/13 13:46:59,毎月,人口減少・少子高齢化,町丁別・年齢別・男女別人口および町丁別世帯数　2014年11月,https://data.bodik.jp/dataset/f2ebb4a8-b6d8-46af-b3e5-99c7f0daadca/resource/038a77e1-4b38-4931-951b-557e0ce39c0a/download/131105_population_20141101.csv,,CSV,19KB,35,2021/08/12 18:58:00,2021/08/12 18:58:00
t131105d0000000023,町丁別・年齢別・男女別人口および町丁別世帯数　2010年度～2014年度,住民基本台帳,,,クリエイティブ・コモンズ 表示（CC BY）,目黒区,https://www.city.meguro.tokyo.jp/gyosei/tokei/tokei/jinko/index.html,区民生活部戸籍住民課,2021/11/04 09:59:31,2021/12/13 13:46:59,毎月,人口減少・少子高齢化,町丁別・年齢別・男女別人口および町丁別世帯数　2014年12月,https://data.bodik.jp/dataset/f2ebb4a8-b6d8-46af-b3e5-99c7f0daadca/resource/942ac8e5-69fb-44f2-b51d-6f0bc61270a1/download/131105_population_20141201.csv,,CSV,19KB,36,2021/08/12 18:59:00,2021/08/12 18:59:00
t131105d0000000023,町丁別・年齢別・男女別人口および町丁別世帯数　2010年度～2014年度,住民基本台帳,,,クリエイティブ・コモンズ 表示（CC BY）,目黒区,https://www.city.meguro.tokyo.jp/gyosei/tokei/tokei/jinko/index.html,区民生活部戸籍住民課,2021/11/04 09:59:31,2021/12/13 13:46:59,毎月,人口減少・少子高齢化,町丁別・年齢別・男女別人口および町丁別世帯数　2015年1月,https://data.bodik.jp/dataset/f2ebb4a8-b6d8-46af-b3e5-99c7f0daadca/resource/3f4f3b77-34f8-4e25-b244-e5a16214eef3/download/131105_population_20150101.csv,,CSV,19KB,37,2021/08/12 18:59:00,2021/08/12 18:59:00
t131105d0000000023,町丁別・年齢別・男女別人口および町丁別世帯数　2010年度～2014年度,住民基本台帳,,,クリエイティブ・コモンズ 表示（CC BY）,目黒区,https://www.city.meguro.tokyo.jp/gyosei/tokei/tokei/jinko/index.html,区民生活部戸籍住民課,2021/11/04 09:59:31,2021/12/13 13:46:59,毎月,人口減少・少子高齢化,町丁別・年齢別・男女別人口および町丁別世帯数　2015年2月,https://data.bodik.jp/dataset/f2ebb4a8-b6d8-46af-b3e5-99c7f0daadca/resource/dd6d275e-f4cf-4055-acf7-7eca6b084cc2/download/131105_population_20150201.csv,,CSV,19KB,38,2021/08/12 19:00:00,2021/08/12 19:00:00
t131105d0000000023,町丁別・年齢別・男女別人口および町丁別世帯数　2010年度～2014年度,住民基本台帳,,,クリエイティブ・コモンズ 表示（CC BY）,目黒区,https://www.city.meguro.tokyo.jp/gyosei/tokei/tokei/jinko/index.html,区民生活部戸籍住民課,2021/11/04 09:59:31,2021/12/13 13:46:59,毎月,人口減少・少子高齢化,町丁別・年齢別・男女別人口および町丁別世帯数　2010年4月,https://data.bodik.jp/dataset/f2ebb4a8-b6d8-46af-b3e5-99c7f0daadca/resource/18f49f60-6056-4d55-b998-511cb0f08bd4/download/131105_population_20100401.csv,,CSV,19KB,39,2021/08/12 18:35:00,2021/08/13 20:52:00
t131105d0000000023,町丁別・年齢別・男女別人口および町丁別世帯数　2010年度～2014年度,住民基本台帳,,,クリエイティブ・コモンズ 表示（CC BY）,目黒区,https://www.city.meguro.tokyo.jp/gyosei/tokei/tokei/jinko/index.html,区民生活部戸籍住民課,2021/11/04 09:59:31,2021/12/13 13:46:59,毎月,人口減少・少子高齢化,町丁別・年齢別・男女別人口および町丁別世帯数　2015年3月,https://data.bodik.jp/dataset/f2ebb4a8-b6d8-46af-b3e5-99c7f0daadca/resource/44bee63f-f9ba-40d6-a30b-cd219bcff180/download/131105_population_20150301.csv,,CSV,19KB,40,2021/08/12 19:00:00,2021/08/12 19:00:00
t131105d0000000023,町丁別・年齢別・男女別人口および町丁別世帯数　2010年度～2014年度,住民基本台帳,,,クリエイティブ・コモンズ 表示（CC BY）,目黒区,https://www.city.meguro.tokyo.jp/gyosei/tokei/tokei/jinko/index.html,区民生活部戸籍住民課,2021/11/04 09:59:31,2021/12/13 13:46:59,毎月,人口減少・少子高齢化,町丁別・年齢別・男女別人口および町丁別世帯数　2010年5月,https://data.bodik.jp/dataset/f2ebb4a8-b6d8-46af-b3e5-99c7f0daadca/resource/e3471825-9294-46be-89f2-3e2d9610d2c1/download/131105_population_20100501.csv,,CSV,21KB,41,2021/08/12 18:36:00,2021/08/12 18:36:00
t131105d0000000023,町丁別・年齢別・男女別人口および町丁別世帯数　2010年度～2014年度,住民基本台帳,,,クリエイティブ・コモンズ 表示（CC BY）,目黒区,https://www.city.meguro.tokyo.jp/gyosei/tokei/tokei/jinko/index.html,区民生活部戸籍住民課,2021/11/04 09:59:31,2021/12/13 13:46:59,毎月,人口減少・少子高齢化,町丁別・年齢別・男女別人口および町丁別世帯数　2010年6月,https://data.bodik.jp/dataset/f2ebb4a8-b6d8-46af-b3e5-99c7f0daadca/resource/89c16595-caa9-4d37-96b3-28f1d2850005/download/131105_population_20100601.csv,,CSV,19KB,42,2021/08/12 18:36:00,2021/08/12 18:36:00
t131105d0000000023,町丁別・年齢別・男女別人口および町丁別世帯数　2010年度～2014年度,住民基本台帳,,,クリエイティブ・コモンズ 表示（CC BY）,目黒区,https://www.city.meguro.tokyo.jp/gyosei/tokei/tokei/jinko/index.html,区民生活部戸籍住民課,2021/11/04 09:59:31,2021/12/13 13:46:59,毎月,人口減少・少子高齢化,町丁別・年齢別・男女別人口および町丁別世帯数　2010年7月,https://data.bodik.jp/dataset/f2ebb4a8-b6d8-46af-b3e5-99c7f0daadca/resource/ea015cbe-e032-4678-ab48-26db71398f1b/download/131105_population_20100701.csv,,CSV,19KB,43,2021/08/12 18:36:00,2021/08/12 18:36:00
t131105d0000000023,町丁別・年齢別・男女別人口および町丁別世帯数　2010年度～2014年度,住民基本台帳,,,クリエイティブ・コモンズ 表示（CC BY）,目黒区,https://www.city.meguro.tokyo.jp/gyosei/tokei/tokei/jinko/index.html,区民生活部戸籍住民課,2021/11/04 09:59:31,2021/12/13 13:46:59,毎月,人口減少・少子高齢化,町丁別・年齢別・男女別人口および町丁別世帯数　2010年8月,https://data.bodik.jp/dataset/f2ebb4a8-b6d8-46af-b3e5-99c7f0daadca/resource/68e75931-851a-4afc-a4d2-08692a6b515e/download/131105_population_20100801.csv,,CSV,19KB,44,2021/08/12 18:36:00,2021/08/12 18:36:00
t131105d0000000023,町丁別・年齢別・男女別人口および町丁別世帯数　2010年度～2014年度,住民基本台帳,,,クリエイティブ・コモンズ 表示（CC BY）,目黒区,https://www.city.meguro.tokyo.jp/gyosei/tokei/tokei/jinko/index.html,区民生活部戸籍住民課,2021/11/04 09:59:31,2021/12/13 13:46:59,毎月,人口減少・少子高齢化,町丁別・年齢別・男女別人口および町丁別世帯数　2010年9月,https://data.bodik.jp/dataset/f2ebb4a8-b6d8-46af-b3e5-99c7f0daadca/resource/6194f5ce-9f0e-4666-8432-f69de4ea70a0/download/131105_population_20100901.csv,,CSV,19KB,45,2021/08/12 18:36:00,2021/08/12 18:36:00
t131105d0000000023,町丁別・年齢別・男女別人口および町丁別世帯数　2010年度～2014年度,住民基本台帳,,,クリエイティブ・コモンズ 表示（CC BY）,目黒区,https://www.city.meguro.tokyo.jp/gyosei/tokei/tokei/jinko/index.html,区民生活部戸籍住民課,2021/11/04 09:59:31,2021/12/13 13:46:59,毎月,人口減少・少子高齢化,町丁別・年齢別・男女別人口および町丁別世帯数　2010年10月,https://data.bodik.jp/dataset/f2ebb4a8-b6d8-46af-b3e5-99c7f0daadca/resource/44d6d44a-8b63-403b-924b-4b47d4d06bbc/download/131105_population_20101001.csv,,CSV,19KB,46,2021/08/12 18:37:00,2021/08/12 18:37:00
t131105d0000000023,町丁別・年齢別・男女別人口および町丁別世帯数　2010年度～2014年度,住民基本台帳,,,クリエイティブ・コモンズ 表示（CC BY）,目黒区,https://www.city.meguro.tokyo.jp/gyosei/tokei/tokei/jinko/index.html,区民生活部戸籍住民課,2021/11/04 09:59:31,2021/12/13 13:46:59,毎月,人口減少・少子高齢化,町丁別・年齢別・男女別人口および町丁別世帯数　2010年11月,https://data.bodik.jp/dataset/f2ebb4a8-b6d8-46af-b3e5-99c7f0daadca/resource/fbad5419-c200-4f98-a673-8c6151e9e709/download/131105_population_20101101.csv,,CSV,19KB,47,2021/08/12 18:37:00,2021/08/12 18:37:00
t131105d0000000023,町丁別・年齢別・男女別人口および町丁別世帯数　2010年度～2014年度,住民基本台帳,,,クリエイティブ・コモンズ 表示（CC BY）,目黒区,https://www.city.meguro.tokyo.jp/gyosei/tokei/tokei/jinko/index.html,区民生活部戸籍住民課,2021/11/04 09:59:31,2021/12/13 13:46:59,毎月,人口減少・少子高齢化,町丁別・年齢別・男女別人口および町丁別世帯数　2010年12月,https://data.bodik.jp/dataset/f2ebb4a8-b6d8-46af-b3e5-99c7f0daadca/resource/c97bb617-3ed8-4fb2-afa9-9d95619be01f/download/131105_population_20101201.csv,,CSV,19KB,48,2021/08/12 18:37:00,2021/08/12 18:37:00
t131105d0000000023,町丁別・年齢別・男女別人口および町丁別世帯数　2010年度～2014年度,住民基本台帳,,,クリエイティブ・コモンズ 表示（CC BY）,目黒区,https://www.city.meguro.tokyo.jp/gyosei/tokei/tokei/jinko/index.html,区民生活部戸籍住民課,2021/11/04 09:59:31,2021/12/13 13:46:59,毎月,人口減少・少子高齢化,町丁別・年齢別・男女別人口および町丁別世帯数　2011年1月,https://data.bodik.jp/dataset/f2ebb4a8-b6d8-46af-b3e5-99c7f0daadca/resource/ad1889d5-f3cf-418f-b2f2-039e067ff228/download/131105_population_20110101.csv,,CSV,19KB,49,2021/08/12 18:37:00,2021/08/12 18:37:00
t131105d0000000023,町丁別・年齢別・男女別人口および町丁別世帯数　2010年度～2014年度,住民基本台帳,,,クリエイティブ・コモンズ 表示（CC BY）,目黒区,https://www.city.meguro.tokyo.jp/gyosei/tokei/tokei/jinko/index.html,区民生活部戸籍住民課,2021/11/04 09:59:31,2021/12/13 13:46:59,毎月,人口減少・少子高齢化,町丁別・年齢別・男女別人口および町丁別世帯数　2011年2月,https://data.bodik.jp/dataset/f2ebb4a8-b6d8-46af-b3e5-99c7f0daadca/resource/1440f7ba-adf8-4a6f-8c8b-b613f399a175/download/131105_population_20110201.csv,,CSV,19KB,50,2021/08/12 18:38:00,2021/08/12 18:38:00
t131105d0000000023,町丁別・年齢別・男女別人口および町丁別世帯数　2010年度～2014年度,住民基本台帳,,,クリエイティブ・コモンズ 表示（CC BY）,目黒区,https://www.city.meguro.tokyo.jp/gyosei/tokei/tokei/jinko/index.html,区民生活部戸籍住民課,2021/11/04 09:59:31,2021/12/13 13:46:59,毎月,人口減少・少子高齢化,町丁別・年齢別・男女別人口および町丁別世帯数　2011年3月,https://data.bodik.jp/dataset/f2ebb4a8-b6d8-46af-b3e5-99c7f0daadca/resource/321244f2-e991-4c7a-9093-44face9f6425/download/131105_population_20110301.csv,,CSV,19KB,51,2021/08/12 18:38:00,2021/08/12 18:38:00
t131105d0000000023,町丁別・年齢別・男女別人口および町丁別世帯数　2010年度～2014年度,住民基本台帳,,,クリエイティブ・コモンズ 表示（CC BY）,目黒区,https://www.city.meguro.tokyo.jp/gyosei/tokei/tokei/jinko/index.html,区民生活部戸籍住民課,2021/11/04 09:59:31,2021/12/13 13:46:59,毎月,人口減少・少子高齢化,町丁別・年齢別・男女別人口および町丁別世帯数　2011年4月,https://data.bodik.jp/dataset/f2ebb4a8-b6d8-46af-b3e5-99c7f0daadca/resource/dc420598-827f-4084-8703-90755ee5e4a5/download/131105_population_20110401.csv,,CSV,19KB,52,2021/08/12 18:38:00,2021/08/12 18:38:00
t131105d0000000023,町丁別・年齢別・男女別人口および町丁別世帯数　2010年度～2014年度,住民基本台帳,,,クリエイティブ・コモンズ 表示（CC BY）,目黒区,https://www.city.meguro.tokyo.jp/gyosei/tokei/tokei/jinko/index.html,区民生活部戸籍住民課,2021/11/04 09:59:31,2021/12/13 13:46:59,毎月,人口減少・少子高齢化,町丁別・年齢別・男女別人口および町丁別世帯数　2011年5月,https://data.bodik.jp/dataset/f2ebb4a8-b6d8-46af-b3e5-99c7f0daadca/resource/07c3ef09-5b3d-4585-9381-c6fcc8a783b1/download/131105_population_20110501.csv,,CSV,19KB,53,2021/08/12 18:39:00,2021/08/12 18:39:00
t131105d0000000023,町丁別・年齢別・男女別人口および町丁別世帯数　2010年度～2014年度,住民基本台帳,,,クリエイティブ・コモンズ 表示（CC BY）,目黒区,https://www.city.meguro.tokyo.jp/gyosei/tokei/tokei/jinko/index.html,区民生活部戸籍住民課,2021/11/04 09:59:31,2021/12/13 13:46:59,毎月,人口減少・少子高齢化,町丁別・年齢別・男女別人口および町丁別世帯数　2011年6月,https://data.bodik.jp/dataset/f2ebb4a8-b6d8-46af-b3e5-99c7f0daadca/resource/eab2af11-3d9a-49ba-96de-33220ee8bf4e/download/131105_population_20110601.csv,,CSV,19KB,54,2021/08/12 18:39:00,2021/08/12 18:39:00
t131105d0000000023,町丁別・年齢別・男女別人口および町丁別世帯数　2010年度～2014年度,住民基本台帳,,,クリエイティブ・コモンズ 表示（CC BY）,目黒区,https://www.city.meguro.tokyo.jp/gyosei/tokei/tokei/jinko/index.html,区民生活部戸籍住民課,2021/11/04 09:59:31,2021/12/13 13:46:59,毎月,人口減少・少子高齢化,町丁別・年齢別・男女別人口および町丁別世帯数　2011年7月,https://data.bodik.jp/dataset/f2ebb4a8-b6d8-46af-b3e5-99c7f0daadca/resource/283bf386-7b24-4d28-a4bc-1e55505e2244/download/131105_population_20110701.csv,,CSV,19KB,55,2021/08/12 18:39:00,2021/08/12 18:39:00
t131105d0000000023,町丁別・年齢別・男女別人口および町丁別世帯数　2010年度～2014年度,住民基本台帳,,,クリエイティブ・コモンズ 表示（CC BY）,目黒区,https://www.city.meguro.tokyo.jp/gyosei/tokei/tokei/jinko/index.html,区民生活部戸籍住民課,2021/11/04 09:59:31,2021/12/13 13:46:59,毎月,人口減少・少子高齢化,町丁別・年齢別・男女別人口および町丁別世帯数　2011年8月,https://data.bodik.jp/dataset/f2ebb4a8-b6d8-46af-b3e5-99c7f0daadca/resource/e6d374cf-ee09-4726-99a2-1b6865c35607/download/131105_population_20110801.csv,,CSV,19KB,56,2021/08/12 18:39:00,2021/08/12 18:39:00
t131105d0000000023,町丁別・年齢別・男女別人口および町丁別世帯数　2010年度～2014年度,住民基本台帳,,,クリエイティブ・コモンズ 表示（CC BY）,目黒区,https://www.city.meguro.tokyo.jp/gyosei/tokei/tokei/jinko/index.html,区民生活部戸籍住民課,2021/11/04 09:59:31,2021/12/13 13:46:59,毎月,人口減少・少子高齢化,町丁別・年齢別・男女別人口および町丁別世帯数　2011年9月,https://data.bodik.jp/dataset/f2ebb4a8-b6d8-46af-b3e5-99c7f0daadca/resource/99dfacfc-4f51-494e-9a81-8fd480710508/download/131105_population_20110901.csv,,CSV,19KB,57,2021/08/12 18:39:00,2021/08/12 18:39:00
t131105d0000000023,町丁別・年齢別・男女別人口および町丁別世帯数　2010年度～2014年度,住民基本台帳,,,クリエイティブ・コモンズ 表示（CC BY）,目黒区,https://www.city.meguro.tokyo.jp/gyosei/tokei/tokei/jinko/index.html,区民生活部戸籍住民課,2021/11/04 09:59:31,2021/12/13 13:46:59,毎月,人口減少・少子高齢化,町丁別・年齢別・男女別人口および町丁別世帯数　2011年10月,https://data.bodik.jp/dataset/f2ebb4a8-b6d8-46af-b3e5-99c7f0daadca/resource/5b271141-a4dc-46f6-bd09-8a6282c25be4/download/131105_population_20111001.csv,,CSV,19KB,58,2021/08/12 18:40:00,2021/08/12 18:40:00
t131105d0000000023,町丁別・年齢別・男女別人口および町丁別世帯数　2010年度～2014年度,住民基本台帳,,,クリエイティブ・コモンズ 表示（CC BY）,目黒区,https://www.city.meguro.tokyo.jp/gyosei/tokei/tokei/jinko/index.html,区民生活部戸籍住民課,2021/11/04 09:59:31,2021/12/13 13:46:59,毎月,人口減少・少子高齢化,町丁別・年齢別・男女別人口および町丁別世帯数　2011年11月,https://data.bodik.jp/dataset/f2ebb4a8-b6d8-46af-b3e5-99c7f0daadca/resource/57daafd3-eb3e-450d-bc07-18248240db3b/download/131105_population_20111101.csv,,CSV,19KB,59,2021/08/12 18:40:00,2021/08/12 18:40:00
t131105d0000000024,介護保険被保険者種別_年齢別認定者数,介護保険の被保険者年齢別の認定者数,,,クリエイティブ・コモンズ 表示（CC BY）,目黒区,https://www.city.meguro.tokyo.jp/kurashi/kaigo/index.html,健康福祉部介護保険課,2021/11/04 09:38:22,2021/12/13 15:15:08,1年,医療・福祉,被保険者別・年齢別認定者数　2011,https://data.bodik.jp/dataset/851f420a-b9b4-4bc9-8b9a-62470847b496/resource/0f6749ff-3e36-4d4f-914c-3416b1ec9d83/download/131105_care_service_kyuhu_number_nintei_2011.csv,,CSV,1KB,0,2021/08/11 16:59:00,2021/08/11 16:59:00
t131105d0000000024,介護保険被保険者種別_年齢別認定者数,介護保険の被保険者年齢別の認定者数,,,クリエイティブ・コモンズ 表示（CC BY）,目黒区,https://www.city.meguro.tokyo.jp/kurashi/kaigo/index.html,健康福祉部介護保険課,2021/11/04 09:38:22,2021/12/13 15:15:08,1年,医療・福祉,被保険者別・年齢別認定者数　2012,https://data.bodik.jp/dataset/851f420a-b9b4-4bc9-8b9a-62470847b496/resource/6e7c4888-3f9a-4923-9a3a-40e5b6dc4e86/download/131105_care_service_kyuhu_number_nintei_2012.csv,,CSV,1KB,1,2021/08/11 17:00:00,2021/08/11 17:00:00
t131105d0000000024,介護保険被保険者種別_年齢別認定者数,介護保険の被保険者年齢別の認定者数,,,クリエイティブ・コモンズ 表示（CC BY）,目黒区,https://www.city.meguro.tokyo.jp/kurashi/kaigo/index.html,健康福祉部介護保険課,2021/11/04 09:38:22,2021/12/13 15:15:08,1年,医療・福祉,被保険者別・年齢別認定者数　2013,https://data.bodik.jp/dataset/851f420a-b9b4-4bc9-8b9a-62470847b496/resource/489841bd-9ef2-4f8e-b6e7-b7c910455240/download/131105_care_service_kyuhu_number_nintei_2013.csv,,CSV,1KB,2,2021/08/11 17:00:00,2021/08/11 17:00:00
t131105d0000000024,介護保険被保険者種別_年齢別認定者数,介護保険の被保険者年齢別の認定者数,,,クリエイティブ・コモンズ 表示（CC BY）,目黒区,https://www.city.meguro.tokyo.jp/kurashi/kaigo/index.html,健康福祉部介護保険課,2021/11/04 09:38:22,2021/12/13 15:15:08,1年,医療・福祉,被保険者別・年齢別認定者数　2014,https://data.bodik.jp/dataset/851f420a-b9b4-4bc9-8b9a-62470847b496/resource/18ea434d-4bbf-4de3-a342-ccb945811903/download/131105_care_service_kyuhu_number_nintei_2014.csv,,CSV,1KB,3,2021/08/11 17:00:00,2021/08/11 17:00:00
t131105d0000000024,介護保険被保険者種別_年齢別認定者数,介護保険の被保険者年齢別の認定者数,,,クリエイティブ・コモンズ 表示（CC BY）,目黒区,https://www.city.meguro.tokyo.jp/kurashi/kaigo/index.html,健康福祉部介護保険課,2021/11/04 09:38:22,2021/12/13 15:15:08,1年,医療・福祉,被保険者別・年齢別認定者数　2015,https://data.bodik.jp/dataset/851f420a-b9b4-4bc9-8b9a-62470847b496/resource/a4ae8b1a-8c87-4f14-8c92-9fc283e68373/download/131105_care_service_kyuhu_number_nintei_2015.csv,,CSV,1KB,4,2021/08/11 17:00:00,2021/08/11 17:00:00
t131105d0000000024,介護保険被保険者種別_年齢別認定者数,介護保険の被保険者年齢別の認定者数,,,クリエイティブ・コモンズ 表示（CC BY）,目黒区,https://www.city.meguro.tokyo.jp/kurashi/kaigo/index.html,健康福祉部介護保険課,2021/11/04 09:38:22,2021/12/13 15:15:08,1年,医療・福祉,被保険者別・年齢別認定者数　2016,https://data.bodik.jp/dataset/851f420a-b9b4-4bc9-8b9a-62470847b496/resource/fea8ed2b-830f-4137-9b3e-39c7bdb326f5/download/131105_care_service_kyuhu_number_nintei_2016.csv,,CSV,1KB,5,2021/08/11 17:01:00,2021/08/11 17:01:00
t131105d0000000024,介護保険被保険者種別_年齢別認定者数,介護保険の被保険者年齢別の認定者数,,,クリエイティブ・コモンズ 表示（CC BY）,目黒区,https://www.city.meguro.tokyo.jp/kurashi/kaigo/index.html,健康福祉部介護保険課,2021/11/04 09:38:22,2021/12/13 15:15:08,1年,医療・福祉,被保険者別・年齢別認定者数　2017,https://data.bodik.jp/dataset/851f420a-b9b4-4bc9-8b9a-62470847b496/resource/62e6ac1f-3ecd-4928-92d2-76a29c85f845/download/131105_care_service_kyuhu_number_nintei_2017.csv,,CSV,1KB,6,2021/08/11 17:01:00,2021/08/11 17:01:00
t131105d0000000024,介護保険被保険者種別_年齢別認定者数,介護保険の被保険者年齢別の認定者数,,,クリエイティブ・コモンズ 表示（CC BY）,目黒区,https://www.city.meguro.tokyo.jp/kurashi/kaigo/index.html,健康福祉部介護保険課,2021/11/04 09:38:22,2021/12/13 15:15:08,1年,医療・福祉,被保険者別・年齢別認定者数　2018,https://data.bodik.jp/dataset/851f420a-b9b4-4bc9-8b9a-62470847b496/resource/61d35f46-d1ea-4d6d-ba74-901e3a85fb6a/download/131105_care_service_kyuhu_number_nintei_2018.csv,,CSV,1KB,7,2021/08/11 17:01:00,2021/08/11 17:01:00
t131105d0000000024,介護保険被保険者種別_年齢別認定者数,介護保険の被保険者年齢別の認定者数,,,クリエイティブ・コモンズ 表示（CC BY）,目黒区,https://www.city.meguro.tokyo.jp/kurashi/kaigo/index.html,健康福祉部介護保険課,2021/11/04 09:38:22,2021/12/13 15:15:08,1年,医療・福祉,被保険者別・年齢別認定者数　2019,https://data.bodik.jp/dataset/851f420a-b9b4-4bc9-8b9a-62470847b496/resource/db323b58-4825-4ed1-80ed-5bb825faa714/download/131105_care_service_kyuhu_number_nintei_2019.csv,,CSV,1KB,8,2021/08/11 17:01:00,2021/08/11 17:01:00
t131105d0000000025,介護保険介護サービス給付費,年度別の介護サービス給付費,,,クリエイティブ・コモンズ 表示（CC BY）,目黒区,https://www.city.meguro.tokyo.jp/kurashi/kaigo/index.html,健康福祉部介護保険課,2021/11/04 09:38:22,2021/12/13 15:15:03,1年,医療・福祉,年度別介護サービス給付費,https://data.bodik.jp/dataset/40630aff-2373-4a4a-ac9c-62fe305c92f6/resource/7181fded-dcc9-4a47-8023-cb3280247a31/download/131105_care_service_kyuhu_kingaku_20210401.csv,,CSV,2KB,0,2021/08/11 17:06:00,2021/08/11 17:06:00
t131105d0000000026,介護保険介護サービス給付件数,年度別の介護サービス給付件数,,,クリエイティブ・コモンズ 表示（CC BY）,目黒区,https://www.city.meguro.tokyo.jp/kurashi/kaigo/index.html,健康福祉部介護保険課,2021/11/04 09:38:22,2021/12/13 15:15:07,1年,医療・福祉,介護サービス給付件数,https://data.bodik.jp/dataset/cb09d28d-8a41-4a2d-b7b1-c050001fa764/resource/959d6e70-f0d2-45eb-b8ae-551e669a4213/download/131105_care_service_kyuhu_number_20210401.csv,年度別の介護サービス給付件数,CSV,5KB,0,2021/08/11 17:10:00,2021/08/11 17:10:00
t131105d0000000028,地域避難所,地震、水害、土砂災害等における目黒区内の避難所の一覧,,,クリエイティブ・コモンズ 表示（CC BY）,目黒区,https://www.city.meguro.tokyo.jp/kurashi/anzen/bosai/type/earthquake/jishin/hinan/index.html,危機管理部防災課,2021/11/04 09:38:23,2021/12/13 15:15:09,1年,防災・災害計画,指定緊急避難所,https://data.bodik.jp/dataset/ca5cf1d5-ed5d-4445-96df-3d60f9ed0eac/resource/2eab6c3a-520d-4cc4-99f2-5ac306c86da0/download/131105_evacuation_space_20210401.csv,避難所の一覧,CSV,6KB,0,2021/08/11 09:42:00,2021/08/11 09:42:00
t131105d0000000029,AED設置場所,目黒区内のAEDを設置している公共施設,,,クリエイティブ・コモンズ 表示（CC BY）,目黒区,https://www.city.meguro.tokyo.jp/kurashi/anzen/kyumei/index.html,危機管理部危機管理課,2021/11/04 09:38:23,2021/12/13 15:15:09,1年,医療・福祉,AED設置場所,https://data.bodik.jp/dataset/0c1f60b9-4c8f-474d-93af-5b21f49a2521/resource/b1b763fd-71fd-436d-9cac-4262709f177c/download/131105_aed_20210401.csv,,CSV,27KB,0,2021/08/11 17:28:00,2021/08/20 20:03:00
t131105d0000000030,公共施設,目黒区内の公共施設の一覧,,,クリエイティブ・コモンズ 表示（CC BY）,目黒区,https://www.city.meguro.tokyo.jp/shisetsu/index.html,情報政策推進部行政情報マネジメント課,2021/11/04 09:38:23,2021/12/13 15:15:06,1年,生活,公共施設,https://data.bodik.jp/dataset/8fb2f443-a8fd-47c6-a527-6a961fca8928/resource/2ed96c3e-55d2-4eb0-891a-3db3637b3650/download/131105_public_facility_20210401.csv,,CSV,65KB,0,2021/08/11 18:14:00,2021/08/20 20:04:00
t131105d0000000031,緑道,目黒区内の緑道一覧,,,クリエイティブ・コモンズ 表示（CC BY）,目黒区,https://www.city.meguro.tokyo.jp/kurashi/sports_koen_yoka/koen/index.html,都市整備部道路公園課,2021/11/04 09:38:24,2021/12/13 15:15:06,1年,まちづくり,緑道,https://data.bodik.jp/dataset/e445fc10-c8c8-4e96-962e-15bcb234a0bf/resource/9dca8985-7934-4993-96e1-3344bc9387b9/download/131105_green_road_20210401.csv,,CSV,1KB,0,2021/08/13 22:36:00,2021/08/20 17:39:00
t131105d0000000032,防火水槽,目黒区内の防火水槽の一覧,,,クリエイティブ・コモンズ 表示（CC BY）,目黒区,https://www.city.meguro.tokyo.jp/gyosei/soshiki/somu_kikikanri/bosai.html,危機管理部防災課,2021/11/04 09:38:24,2021/12/13 15:15:05,1年,防災・災害計画,防火水槽,https://data.bodik.jp/dataset/ea70676f-6741-4d62-aa74-5fb790f98c43/resource/ff1f8c2c-5490-4502-9bb5-8cb6373a4b7b/download/131105_fire_hydrant_20201231.csv,目黒区内の防火水槽の一覧,CSV,23KB,0,2021/08/11 09:50:00,2021/08/17 09:45:00
t131105d0000000033,中学校数・学級数・教員数・学年別生徒数,目黒区内の公立・私立の中学校の学校数・学級数・教員数・学年別男女別生徒数,,,クリエイティブ・コモンズ 表示（CC BY）,目黒区,https://www.city.meguro.tokyo.jp/kurashi/gakko/index.html,教育委員会事務局学校運営課,2021/11/04 09:38:24,2021/12/13 15:15:07,1年,生活,中学校数・学級数・教員数・学年別生徒数,https://data.bodik.jp/dataset/bac01e17-8edf-4a90-91ca-bd86c3249686/resource/b78ad92a-641f-4fbc-b18e-b81922eecb03/download/131105_junior_high_school.csv,,CSV,4KB,0,2021/08/11 17:37:00,2021/08/11 17:37:00
t131105d0000000034,小学校数・学級数・教員数・児童数,目黒区内の公立・私立の小学校の学校数・学級数・教員数・学年別男女別児童数,,,クリエイティブ・コモンズ 表示（CC BY）,目黒区,https://www.city.meguro.tokyo.jp/kurashi/gakko/index.html,教育委員会事務局学校運営課,2021/11/04 09:38:24,2021/12/13 15:15:05,1年,生活,小学校数・学級数・教員数・学年別児童数,https://data.bodik.jp/dataset/a9e57c2d-3ddd-4079-b70c-b823511f952a/resource/e236ca7a-b254-4e12-bccd-aeaeb2e2256e/download/131105_elementary_school.csv,,CSV,5KB,0,2021/08/11 17:35:00,2021/08/11 17:35:00
t131105d0000000035,児童遊園,目黒区内の児童遊園一覧,,,クリエイティブ・コモンズ 表示（CC BY）,目黒区,https://www.city.meguro.tokyo.jp/kurashi/sports_koen_yoka/koen/index.html,都市整備部道路公園課,2021/11/04 09:38:24,2021/12/13 15:15:05,1年,まちづくり,児童遊園,https://data.bodik.jp/dataset/c02fe749-426d-408e-bed5-8486bf979120/resource/84278b0e-6dee-4f04-985d-d1469837d888/download/131105_chikdrenspark_20210401.csv,,CSV,4KB,0,2021/08/13 22:30:00,2021/08/13 22:30:00
t131105d0000000036,ふれあい広場,目黒区内のふれあい広場一覧,,,クリエイティブ・コモンズ 表示（CC BY）,目黒区,https://www.city.meguro.tokyo.jp/kurashi/sports_koen_yoka/koen/index.html,都市整備部道路公園課,2021/11/04 09:38:25,2021/12/13 15:14:49,1年,まちづくり,ふれあい広場,https://data.bodik.jp/dataset/2a9efdcf-e69d-4fb8-8aa4-c25d421ba680/resource/90c59e8a-b35e-4b15-b676-0e106c3eb3c2/download/131105_exchange_square_20210401.csv,,CSV,1KB,0,2021/08/13 22:33:00,2021/08/13 22:33:00
t131105d0000000037,都立公園,目黒区内の都立公園一覧,,,クリエイティブ・コモンズ 表示（CC BY）,目黒区,https://www.city.meguro.tokyo.jp/kurashi/sports_koen_yoka/koen/index.html,都市整備部道路公園課,2021/11/04 09:38:25,2021/12/13 15:14:50,1年,まちづくり,都立公園,https://data.bodik.jp/dataset/bd204a35-87c9-4aaf-ab29-d05db4b3357c/resource/cc42b337-2afa-4dea-84f9-a8557deba751/download/131105_metropolitan_park_20210401.csv,,CSV,1KB,0,2021/08/13 22:45:00,2021/08/13 22:45:00
t131105d0000000038,区立公園,目黒区内の区立公園一覧,,,クリエイティブ・コモンズ 表示（CC BY）,目黒区,https://www.city.meguro.tokyo.jp/kurashi/sports_koen_yoka/koen/index.html,都市整備部道路公園課,2021/11/04 09:38:25,2021/12/13 15:14:50,1年,まちづくり,区立公園,https://data.bodik.jp/dataset/9f7d70e4-d41f-4199-a180-eb2e3de6e728/resource/28badfb6-f33f-4b12-8ecc-ada279950cee/download/131105_park_20210401.csv,,CSV,8KB,0,2021/08/13 22:25:00,2021/08/17 14:36:00
t131105d0000000039,学童保育クラブ,目黒区内の学童保育クラブの一覧,,,クリエイティブ・コモンズ 表示（CC BY）,目黒区,https://www.city.meguro.tokyo.jp/kurashi/kosodate/josei/hoiku_club.html,子育て支援部子育て支援課,2021/11/04 09:38:25,2021/12/13 15:14:50,1年,その他,学童保育クラブ,https://data.bodik.jp/dataset/e776bc0a-e5dd-449b-a1c2-9d8f47d69a9d/resource/57f82dbf-e389-46aa-b0b9-b1164f619cbe/download/131105_after_school_care_program_club.csv,,CSV,24KB,0,2021/08/20 12:12:00,2021/08/20 12:12:00
t131105d0000000040,公衆トイレ,目黒区内の公衆トイレの一覧,,,クリエイティブ・コモンズ 表示（CC BY）,目黒区,https://www.city.meguro.tokyo.jp/gyosei/soshiki/toshi_machi/midoridobokuseisaku.html,都市整備部みどり土木政策課,2021/11/04 09:38:25,2021/12/13 15:15:10,1年,まちづくり,公衆トイレ,https://data.bodik.jp/dataset/73861054-d37f-4d84-a7ac-7d1010aae790/resource/79060cab-e0e4-468b-bac6-b82d4610df47/download/131105_public_toilet_20210401.csv,,CSV,4KB,0,2021/08/13 22:17:00,2021/08/13 22:17:00
t131105d0000000052,東京都認証保育所,目黒区内の東京都認証保育所の所在地、定員、開所時間、運営者等,,,クリエイティブ・コモンズ 表示（CC BY）,目黒区,https://www.city.meguro.tokyo.jp/shisetsu/shisetsu/hoikuen/hoikujo.html,子育て支援部保育課,2021/11/04 09:38:28,2021/12/13 15:14:52,1年,人口減少・少子高齢化,東京都認証保育所,https://data.bodik.jp/dataset/2a242c95-956d-4d8e-a16b-1d2728321087/resource/538335a2-b915-438d-83dc-56d53be49d5d/download/131105_tokyo_certified_nersury_school_20210601.csv,,CSV,4KB,0,2021/08/11 19:18:00,2021/08/17 15:03:00
t131105d0000000053,小規模保育所,目黒区内の小規模保育所の所在地、定員、開所時間、運営者等,,,クリエイティブ・コモンズ 表示（CC BY）,目黒区,https://www.city.meguro.tokyo.jp/kurashi/kosodate/hoiku/ninka/shoukibohoiku.html,子育て支援部保育課,2021/11/04 09:38:28,2021/12/13 15:14:53,1年,人口減少・少子高齢化,小規模保育所,https://data.bodik.jp/dataset/a9030288-1de4-4fcb-a99c-c835132e85f7/resource/0c262ac5-e615-4c4f-8ae6-8426612e1d73/download/131105_small_nersury_school_20210401.csv,,CSV,5KB,0,2021/08/11 19:22:00,2021/08/17 15:07:00
t131105d0000000054,事業所内保育所,目黒区内の事業所内保育所の所在地、定員、開所時間、運営者等,,,クリエイティブ・コモンズ 表示（CC BY）,目黒区,https://www.city.meguro.tokyo.jp/kurashi/kosodate/hoiku/ninka/jigyousyonaihoiku.html,子育て支援部保育課,2021/11/04 09:38:29,2021/12/13 15:14:53,1年,人口減少・少子高齢化,事業所内保育所,https://data.bodik.jp/dataset/2a749222-0f5a-4714-8144-8f6dd58f9305/resource/16d7cecf-6574-4be6-b81e-1ae80cfe33a3/download/131105_nersury_school_in_the_office_20210401.csv,,CSV,1KB,0,2021/08/11 19:26:00,2021/08/17 15:09:00
t131105d0000000056,目黒区の人口・世帯数の予測,令和42（2060）年までの人口・世帯数の推計,,,クリエイティブ・コモンズ 表示（CC BY）,目黒区,https://www.city.meguro.tokyo.jp/gyosei/tokei/tokei/jinko/jinkouyosoku.html,企画経営部政策企画課,2021/11/04 09:38:29,2021/12/13 15:15:04,随時,人口減少・少子高齢化,基本推計（国勢調査ベース）,https://data.bodik.jp/dataset/16753f4e-1a5e-4435-b33c-0fbc30604ca9/resource/c54d9c1a-5c94-4bee-9ab7-71ecf33ad825/download/131105_1_1_kihon_2020_kokucho.csv,,CSV,4KB,0,2021/08/11 19:56:00,2021/08/11 19:56:00
t131105d0000000056,目黒区の人口・世帯数の予測,令和42（2060）年までの人口・世帯数の推計,,,クリエイティブ・コモンズ 表示（CC BY）,目黒区,https://www.city.meguro.tokyo.jp/gyosei/tokei/tokei/jinko/jinkouyosoku.html,企画経営部政策企画課,2021/11/04 09:38:29,2021/12/13 15:15:04,随時,人口減少・少子高齢化,高位推計（国勢調査ベース）,https://data.bodik.jp/dataset/16753f4e-1a5e-4435-b33c-0fbc30604ca9/resource/3faa9d57-43ac-4eed-94a5-62841874c40e/download/131105_1_2_koui_2020_kokucho.csv,,CSV,4KB,1,2021/08/11 19:56:00,2021/08/11 19:57:00
t131105d0000000056,目黒区の人口・世帯数の予測,令和42（2060）年までの人口・世帯数の推計,,,クリエイティブ・コモンズ 表示（CC BY）,目黒区,https://www.city.meguro.tokyo.jp/gyosei/tokei/tokei/jinko/jinkouyosoku.html,企画経営部政策企画課,2021/11/04 09:38:29,2021/12/13 15:15:04,随時,人口減少・少子高齢化,基本推計（国勢調査ベース／年齢別）,https://data.bodik.jp/dataset/16753f4e-1a5e-4435-b33c-0fbc30604ca9/resource/990cc73f-7d08-4417-abde-a1b48146a678/download/131105_2_1_kihon_nenreibetsu_2020_kokucho.csv,,CSV,4KB,2,2021/08/11 19:58:00,2021/08/11 19:58:00
t131105d0000000056,目黒区の人口・世帯数の予測,令和42（2060）年までの人口・世帯数の推計,,,クリエイティブ・コモンズ 表示（CC BY）,目黒区,https://www.city.meguro.tokyo.jp/gyosei/tokei/tokei/jinko/jinkouyosoku.html,企画経営部政策企画課,2021/11/04 09:38:29,2021/12/13 15:15:04,随時,人口減少・少子高齢化,高位推計（国勢調査ベース／年齢別）,https://data.bodik.jp/dataset/16753f4e-1a5e-4435-b33c-0fbc30604ca9/resource/c0e005a6-d724-4550-b293-4e874492f64f/download/131105_2_2_koui_nenreibetsu_2020_kokucho.csv,,CSV,4KB,3,2021/08/11 19:59:00,2021/08/11 19:59:00
t131105d0000000056,目黒区の人口・世帯数の予測,令和42（2060）年までの人口・世帯数の推計,,,クリエイティブ・コモンズ 表示（CC BY）,目黒区,https://www.city.meguro.tokyo.jp/gyosei/tokei/tokei/jinko/jinkouyosoku.html,企画経営部政策企画課,2021/11/04 09:38:29,2021/12/13 15:15:04,随時,人口減少・少子高齢化,基本推計（住民基本台帳ベース）,https://data.bodik.jp/dataset/16753f4e-1a5e-4435-b33c-0fbc30604ca9/resource/7145bb4e-ddba-4636-9064-5d8c4db90c62/download/131105_3_1_kihon_2020_juki.csv,,CSV,4KB,4,2021/08/11 19:59:00,2021/08/11 19:59:00
t131105d0000000056,目黒区の人口・世帯数の予測,令和42（2060）年までの人口・世帯数の推計,,,クリエイティブ・コモンズ 表示（CC BY）,目黒区,https://www.city.meguro.tokyo.jp/gyosei/tokei/tokei/jinko/jinkouyosoku.html,企画経営部政策企画課,2021/11/04 09:38:29,2021/12/13 15:15:04,随時,人口減少・少子高齢化,高位推計（住民基本台帳ベース）,https://data.bodik.jp/dataset/16753f4e-1a5e-4435-b33c-0fbc30604ca9/resource/2244d070-c87f-49c6-8f74-55597407d405/download/131105_3_2_koui_2020_juki.csv,,CSV,4KB,5,2021/08/11 20:00:00,2021/08/11 20:00:00
t131105d0000000056,目黒区の人口・世帯数の予測,令和42（2060）年までの人口・世帯数の推計,,,クリエイティブ・コモンズ 表示（CC BY）,目黒区,https://www.city.meguro.tokyo.jp/gyosei/tokei/tokei/jinko/jinkouyosoku.html,企画経営部政策企画課,2021/11/04 09:38:29,2021/12/13 15:15:04,随時,人口減少・少子高齢化,基本推計（住民基本台帳ベース／年齢別）,https://data.bodik.jp/dataset/16753f4e-1a5e-4435-b33c-0fbc30604ca9/resource/6d79771b-bbf0-45e5-a4eb-32fbcf3c4151/download/131105_4_1_kihon_nenreibetsu_2020_juki.csv,,CSV,4KB,6,2021/08/11 20:00:00,2021/08/11 20:00:00
t131105d0000000056,目黒区の人口・世帯数の予測,令和42（2060）年までの人口・世帯数の推計,,,クリエイティブ・コモンズ 表示（CC BY）,目黒区,https://www.city.meguro.tokyo.jp/gyosei/tokei/tokei/jinko/jinkouyosoku.html,企画経営部政策企画課,2021/11/04 09:38:29,2021/12/13 15:15:04,随時,人口減少・少子高齢化,高位推計（住民基本台帳ベース／年齢別）,https://data.bodik.jp/dataset/16753f4e-1a5e-4435-b33c-0fbc30604ca9/resource/df70aea4-5c0b-4dd6-b190-ef11022f3385/download/131105_4_2_koui_nenreibetsu_2020_juki.csv,,CSV,4KB,7,2021/08/11 20:01:00,2021/08/11 20:01:00
t131105d0000000057,公衆無線LAN,目黒区内の公衆無線LAN設置場所一覧,,,クリエイティブ・コモンズ 表示（CC BY）,目黒区,https://www.city.meguro.tokyo.jp/gyosei/keikaku/torikumi/johoka/meguro_free_wi-fi.html,情報政策推進部情報政策課,2021/11/04 09:38:29,2021/12/13 15:14:56,随時,観光,公衆無線LAN（Meguro Free Wi-Fi),https://data.bodik.jp/dataset/35729c1a-8de0-4ab7-af6d-a023af85fa7a/resource/24857d5d-b1a8-49e9-9878-707fba40163d/download/131105_public_wireless_lan_20200331.csv,,CSV,4KB,0,2021/08/11 19:50:00,2021/08/11 19:50:00
t131105d0000000058,施設データ集,年度末現在の区有施設等に係る維持管理経費や利用状況等,,,クリエイティブ・コモンズ 表示（CC BY）,目黒区,https://www.city.meguro.tokyo.jp/gyosei/keikaku/keikaku/shisetsu_minaoshi/shisetsu-datashu.html,企画経営部資産経営課,2021/11/04 09:38:30,2021/12/13 15:15:07,1年,税金,施設別データ　2019,https://data.bodik.jp/dataset/11329501-1686-400c-a68c-03d26071e491/resource/70cdfd9b-3ae4-4a5d-a9b4-2d0952807e2b/download/131105_public_facility_data_2019.csv,用途別施設ごとのデータ（所在地、施設構成、開館時間、休館日、用途別施設の経費）,CSV,480KB,0,2021/08/11 18:22:00,2021/08/11 18:22:00
t131105d0000000058,施設データ集,年度末現在の区有施設等に係る維持管理経費や利用状況等,,,クリエイティブ・コモンズ 表示（CC BY）,目黒区,https://www.city.meguro.tokyo.jp/gyosei/keikaku/keikaku/shisetsu_minaoshi/shisetsu-datashu.html,企画経営部資産経営課,2021/11/04 09:38:30,2021/12/13 15:15:07,1年,税金,建物別データ　2019,https://data.bodik.jp/dataset/11329501-1686-400c-a68c-03d26071e491/resource/927b751a-6730-415d-b110-8c7772c65295/download/131105_public_buildings_data_2019.csv,建物ごとのデータ（建物名称、施設形態、建物全体の経費）,CSV,51KB,1,2021/08/11 18:22:00,2021/08/11 18:22:00
t131105d0000000059,学童保育クラブ入所児童数の推移,"目黒区内の学童保育クラブの年度別入所児童数の推移
",,,クリエイティブ・コモンズ 表示（CC BY）,目黒区,https://www.city.meguro.tokyo.jp/kurashi/kosodate/josei/hoiku_club.html,子育て支援部子育て支援課,2021/12/13 15:14:39,2021/12/13 15:15:03,1年,医療・福祉,学童保育クラブ入所児童数の推移,https://data.bodik.jp/dataset/17e8415c-b2f9-4f4e-9d31-69dd04ed8d85/resource/4c2e6bfc-c0af-4651-868e-3d3c69bb0b11/download/131105_afterschool_daycare_club_children_number.csv,,CSV,1KB,0,2021/08/11 19:02:00,2021/08/11 19:02:00
t131105d0000000059,学童保育クラブ入所児童数の推移,"目黒区内の学童保育クラブの年度別入所児童数の推移
",,,クリエイティブ・コモンズ 表示（CC BY）,目黒区,https://www.city.meguro.tokyo.jp/kurashi/kosodate/josei/hoiku_club.html,子育て支援部子育て支援課,2021/12/13 15:14:39,2021/12/13 15:15:03,1年,医療・福祉,衆議院議員選挙,https://data.bodik.jp/dataset/0a5c090d-2855-4d5b-9666-c98da5abb1df/resource/26df0c65-6b7e-4b93-880d-f091108f5aa3/download/131105_shugiin_voter_turnout.csv,,CSV,8KB,1,2021/10/19 13:32:00,2021/10/19 13:32:00
t131105d0000000059,学童保育クラブ入所児童数の推移,"目黒区内の学童保育クラブの年度別入所児童数の推移
",,,クリエイティブ・コモンズ 表示（CC BY）,目黒区,https://www.city.meguro.tokyo.jp/kurashi/kosodate/josei/hoiku_club.html,子育て支援部子育て支援課,2021/12/13 15:14:39,2021/12/13 15:15:03,1年,医療・福祉,参議院議員選挙,https://data.bodik.jp/dataset/0a5c090d-2855-4d5b-9666-c98da5abb1df/resource/3aa3865c-089c-4224-ac43-cbc56616bc54/download/131105_sangiin_voter_turnout.csv,,CSV,7KB,2,2021/10/19 13:32:00,2021/10/19 13:32:00
t131105d0000000059,学童保育クラブ入所児童数の推移,"目黒区内の学童保育クラブの年度別入所児童数の推移
",,,クリエイティブ・コモンズ 表示（CC BY）,目黒区,https://www.city.meguro.tokyo.jp/kurashi/kosodate/josei/hoiku_club.html,子育て支援部子育て支援課,2021/12/13 15:14:39,2021/12/13 15:15:03,1年,医療・福祉,東京都知事選挙,https://data.bodik.jp/dataset/0a5c090d-2855-4d5b-9666-c98da5abb1df/resource/2943d74b-739d-4b0d-a00e-7bf1ea7f3496/download/131105_tokyotochiji_voter_turnout.csv,,CSV,3KB,3,2021/10/19 13:33:00,2021/10/19 13:33:00
t131105d0000000059,学童保育クラブ入所児童数の推移,"目黒区内の学童保育クラブの年度別入所児童数の推移
",,,クリエイティブ・コモンズ 表示（CC BY）,目黒区,https://www.city.meguro.tokyo.jp/kurashi/kosodate/josei/hoiku_club.html,子育て支援部子育て支援課,2021/12/13 15:14:39,2021/12/13 15:15:03,1年,医療・福祉,東京都議会議員選挙,https://data.bodik.jp/dataset/0a5c090d-2855-4d5b-9666-c98da5abb1df/resource/25d9f6ba-7cef-40b5-8e1d-778dab0469b2/download/131105_tokyotogikai_voter_turnout.csv,,CSV,3KB,4,2021/10/19 13:33:00,2021/10/19 13:33:00
t131105d0000000059,学童保育クラブ入所児童数の推移,"目黒区内の学童保育クラブの年度別入所児童数の推移
",,,クリエイティブ・コモンズ 表示（CC BY）,目黒区,https://www.city.meguro.tokyo.jp/kurashi/kosodate/josei/hoiku_club.html,子育て支援部子育て支援課,2021/12/13 15:14:39,2021/12/13 15:15:03,1年,医療・福祉,目黒区長選挙,https://data.bodik.jp/dataset/0a5c090d-2855-4d5b-9666-c98da5abb1df/resource/a7721277-2785-4be3-82b1-72546c662f97/download/131105_megurokucho_voter_turnout.csv,,CSV,2KB,5,2021/10/19 13:34:00,2021/10/19 13:34:00
t131105d0000000059,学童保育クラブ入所児童数の推移,"目黒区内の学童保育クラブの年度別入所児童数の推移
",,,クリエイティブ・コモンズ 表示（CC BY）,目黒区,https://www.city.meguro.tokyo.jp/kurashi/kosodate/josei/hoiku_club.html,子育て支援部子育て支援課,2021/12/13 15:14:39,2021/12/13 15:15:03,1年,医療・福祉,目黒区議会議員選挙,https://data.bodik.jp/dataset/0a5c090d-2855-4d5b-9666-c98da5abb1df/resource/db543d2b-bb2f-414d-ba0f-32d57e64e382/download/131105_megurokugikai_voter_turnout.csv,,CSV,3KB,6,2021/10/19 13:34:00,2021/10/19 13:34:00
t131105d0000000060,年代別投票率,選挙の年代別投票率,,,クリエイティブ・コモンズ 表示（CC BY）,目黒区,https://www.city.meguro.tokyo.jp/gyosei/senkyo/kiroku.html,選挙管理委員会事務局,2021/12/13 15:14:40,2021/12/13 15:15:08,随時,生活,衆議院選挙小選挙区　年代別投票率　平成29年10月22日執行,https://data.bodik.jp/dataset/e2ff8f4f-ccda-4a36-9855-393c76b3de9c/resource/2d243f6e-f229-474c-9edb-cbc3c03992a9/download/131105_20171022_shugiin_voter_turnout.csv,,CSV,2KB,0,2021/10/28 08:34:00,2021/10/28 11:04:00
t131105d3100000001,子ども食堂一覧,【目黒区】子ども食堂一覧,都知事杯ハッカソン,,クリエイティブ・コモンズ 表示（CC BY）,目黒区,https://www.city.meguro.tokyo.jp/kosodateshien/kosodatekyouiku/kosodate/syokudou.html,子育て支援部子育て支援課子育て支援推進係,2024/03/29 08:36:31,2024/03/29 08:38:22,随時,医療・福祉,子ども食堂一覧,https://www.opendata.metro.tokyo.lg.jp/meguro/131105_meguroku_kodomosyokudo.csv,子ども食堂一覧,CSV,3KB,0,2024/03/29 00:00:00,2024/03/29 00:00:00
t131105d3100000002,区市町村民葬儀取扱店一覧,【目黒区】区市町村民葬儀取扱店一覧,都知事杯ハッカソン,,クリエイティブ・コモンズ 表示（CC BY）,目黒区,https://www.city.meguro.tokyo.jp/koseki/kurashi/kosekitodokede/sougi.html#p3,区民生活部 戸籍住民課,2024/03/29 08:36:32,2024/03/29 08:38:23,随時,生活,区市町村民葬儀取扱店一覧,https://www.opendata.metro.tokyo.lg.jp/meguro/131105_meguroku_kushichosonminsougitoriatsukaiten.csv,区市町村民葬儀取扱店一覧,CSV,2KB,0,2024/03/29 00:00:00,2024/03/29 00:00:00
t131105d3100000003,戸籍窓口関係証明の発行枚数,"【目黒区】戸籍窓口関係証明の発行枚数
戸籍窓口関係証明の発行枚数のデータについては、法定されていない戸籍関係証明・法定されていない住民票を除いた窓口発行のみとし、コンビニや郵送(含む電子申請)は含みません。
",都知事杯ハッカソン,,クリエイティブ・コモンズ 表示（CC BY）,目黒区,https://www.city.meguro.tokyo.jp/kurashi/index.html#a7922,区民生活部 戸籍住民課,2024/03/29 08:36:34,2024/03/29 08:38:24,随時,その他,戸籍窓口関係証明の発行枚数,https://www.opendata.metro.tokyo.lg.jp/meguro/131105_meguroku_madoguchi.csv,戸籍窓口関係証明の発行枚数,CSV,4KB,0,2024/03/29 00:00:00,2024/03/29 00:00:00
t131105d3100000004,スポーツ施設一覧,【目黒区】スポーツ施設一覧,都知事杯ハッカソン,,クリエイティブ・コモンズ 表示（CC BY）,目黒区,https://www.city.meguro.tokyo.jp/shisetsu/genre/sports/sports_shisetsu/index.html,文化・スポーツ部スポーツ振興課,2024/03/29 08:36:36,2024/03/29 08:38:25,随時,オリンピック・パラリンピック,スポーツ施設一覧,https://www.opendata.metro.tokyo.lg.jp/meguro/131105_meguroku_sportsfacilities.csv,スポーツ施設一覧,CSV,6KB,0,2024/03/29 00:00:00,2024/03/29 00:00:00
t131105d3100000005,公立図書館情報,【目黒区】公立図書館情報,都知事杯ハッカソン,,クリエイティブ・コモンズ 表示（CC BY）,目黒区,https://www.city.meguro.tokyo.jp/shisetsu/genre/bunkakouryuu/toshokan/index.html,八雲中央図書館,2024/03/29 08:36:37,2024/05/26 18:01:53,随時,芸術文化,公立図書館情報,https://www.opendata.metro.tokyo.lg.jp/meguro/131105_meguroku_library.csv,公立図書館情報,CSV,10KB,0,2024/03/29 00:00:00,2024/03/29 00:00:00
