c̃R[h,s{ij,s撬ij,s{iŁj,s撬iŁj
010006,kC,,ί޳,
011002,kC,Dys,ί޳,ۼ
012025,kC,َs,ί޳,ʺü
012033,kC,Ms,ί޳,ټ
012041,kC,s,ί޳,˶ܼ
012050,kC,s,ί޳,ݼ
012068,kC,Hs,ί޳,ۼ
012076,kC,эLs,ί޳,ۼ
012084,kC,ks,ί޳,м
012092,kC,[s,ί޳,ճؼ
012106,kC,〈s,ί޳,лܼ
012114,kC,ԑs,ί޳,޼ؼ
012122,kC,Gs,ί޳,Ӳ
012131,kC,Ϗqs,ί޳,Ϻϲ
012149,kC,ts,ί޳,ܯŲ
012157,kC,Ss,ί޳,޲
012165,kC,ʎs,ί޳,¼
012173,kC,]ʎs,ί޳,¼
012181,kC,ԕs,ί޳,׼
012190,kC,ʎs,ί޳,¼
012203,kC,mʎs,ί޳,¼
012211,kC,s,ί޳,ۼ
012220,kC,O}s,ί޳,ж
012238,kC,s,ί޳,ۼ
012246,kC,Ύs,ί޳,ľ
012254,kC,s,ί޳,ܼ
012262,kC,s,ί޳,Ŷܼ
012271,kC,̎us,ί޳,Ų
012289,kC,[s,ί޳,̶ܼ
012297,kC,xǖs,ί޳,ɼ
012301,kC,oʎs,ί޳,¼
012319,kC,bs,ί޳,ܼ
012335,kC,ɒBs,ί޳,ü
012343,kC,kLs,ί޳,ۼϼ
012351,kC,Ύs,ί޳,ؼ
012360,kC,kls,ί޳,θļ
013030,kC,ʒ,ί޳,ĳ
013048,kC,VÑ,ί޳,ݼ
013315,kC,O,ί޳,ϴ
013323,kC,,ί޳,̸
013331,kC,m,ί޳,س
013340,kC,،Ó,ί޳,Ų
013374,kC,ђ,ί޳,Ŵ
013439,kC,,ί޳,
013455,kC,X,ί޳,
013463,kC,_,ί޳,Ը
013471,kC,,ί޳,
013617,kC,],ί޳,
013625,kC,m,ί޳,ɸ
013633,kC,򕔒,ί޳,
013641,kC,,ί޳,
013676,kC,K,ί޳,
013706,kC,,ί޳,϶
013714,kC,Ȓ,ί޳,
013919,kC,q,ί޳,Ϸ
013927,kC,s,ί޳,
013935,kC,,ί޳,Ų
013943,kC,z,ί޳,ݺ
013951,kC,jZR,ί޳,ƾ
013960,kC,^둺,ί޳,ϯ
013978,kC,s,ί޳,ٽ
013986,kC,Εʒ,ί޳,
013994,kC,ɒ,ί޳,޸
014001,kC,m,ί޳,
014010,kC,a,ί޳,
014028,kC,,ί޳,Ų
014036,kC,,ί޳,
014044,kC,_b,ί޳,ӴŲ
014052,kC,ϒO,ί޳,
014061,kC,Õ,ί޳,
014079,kC,mؒ,ί޳,Ʒ
014087,kC,]s,ί޳,ֲ
014095,kC,Ԉ쑺,ί޳,
014231,kC,y,ί޳,
014249,kC,ވ],ί޳,Ų
014257,kC,㍻쒬,ί޳,нŶ
014273,kC,Rm,ί޳,
014281,kC,,ί޳,Ŷ
014290,kC,IR,ί޳,
014303,kC,`,ί޳,·
014311,kC,YP,ί޳,׳
014320,kC,V\Ð쒬,ί޳,¶
014338,kC,w,ί޳,Ӿ
014346,kC,ʒ,ί޳,
014362,kC,J,ί޳,ح
014371,kC,k,ί޳,θح
014389,kC,c,ί޳,
014524,kC,鐲,ί޳,
014532,kC,_y,ί޳,˶޼
014541,kC,,ί޳,ĳ
014559,kC,z,ί޳,߯
014567,kC,ʒ,ί޳,
014575,kC,쒬,ί޳,ж
014583,kC,쒬,ί޳,˶޼
014591,kC,l,ί޳,޴
014605,kC,xǖ쒬,ί޳,
014613,kC,xǖ쒬,ί޳,Ŷ
014621,kC,xǖ쒬,ί޳,
014630,kC,芥,ί޳,Ѷ
014648,kC,a,ί޳,ܯ
014656,kC,,ί޳,
014681,kC,쒬,ί޳,Ӷ
014699,kC,[,ί޳,̶
014702,kC,Ўq{,ί޳,Ĳȯ
014711,kC,쒬,ί޳,Ŷ
014729,kC,y,ί޳,۶Ų
014818,kC,ђ,ί޳,ϼ
014826,kC,,ί޳,
014834,kC,ϑO,ί޳,ϴ
014842,kC,Hy,ί޳,
014851,kC,Rʑ,ί޳,
014869,kC,ʒ,ί޳,
014877,kC,V,ί޳,ü
015113,kC,,ί޳,
015121,kC,lڕʒ,ί޳,
015130,kC,ڕʒ,ί޳,Ŷ
015148,kC,}K,ί޳,
015164,kC,Lx,ί޳,
015172,kC,當,ί޳,
015181,kC,K,ί޳,ؼ
015199,kC,Kxm,ί޳,ؼ̼
015202,kC,y,ί޳,
015431,kC,y,ί޳,
015440,kC,Õʒ,ί޳,
015458,kC,Η,ί޳,
015466,kC,,ί޳,ֻ
015474,kC,,ί޳,н
015491,kC,Pq{,ί޳,ȯ
015504,kC,u˒,ί޳,
015521,kC,CԒ,ί޳,
015555,kC,y,ί޳,ݶ
015598,kC,Nʒ,ί޳,ճ
015601,kC,㒬,ί޳,ɳ
015610,kC,,ί޳,
015628,kC,,ί޳,Ƽ
015636,kC,Y,ί޳,
015644,kC,,ί޳,
015717,kC,LY,ί޳,ֳ
015750,kC,s˒,ί޳,
015784,kC,V,ί޳,׵
015814,kC,^,ί޳,
015849,kC,Β,ί޳,ĳԺ
015857,kC,,ί޳,
015865,kC,ނ풬,ί޳,Ѷ
016012,kC,,ί޳,޶
016021,kC,撬,ί޳,
016047,kC,V,ί޳,Ʋ
016071,kC,Y͒,ί޳,׶
016080,kC,l,ί޳,
016098,kC,,ί޳,
016101,kC,VЂ,ί޳,޶
016314,kC,X,ί޳,̹
016322,kC,my,ί޳,
016331,kC,my,ί޳,м
016349,kC,ǒ,ί޳,
016357,kC,V,ί޳,ĸ
016365,kC,,ί޳,н
016373,kC,莺,ί޳,
016381,kC,D,ί޳,ŶŲ
016390,kC,Xʑ,ί޳,
016411,kC,,ί޳,
016420,kC,L,ί޳,۵
016438,kC,ʒ,ί޳,ϸ
016446,kC,rc,ί޳,
016454,kC,L,ί޳,ֺ
016462,kC,{ʒ,ί޳,
016471,kC,,ί޳,
016489,kC,ʒ,ί޳,ظ
016497,kC,Yy,ί޳,
016616,kC,H,ί޳,
016624,kC,ݒ,ί޳,
016632,kC,l,ί޳,Ŷ
016641,kC,W,ί޳,
016659,kC,q,ί޳,ü
016675,kC,ߋ,ί޳,ٲ
016683,kC,f,ί޳,Ƕ
016918,kC,ʊC,ί޳,¶
016926,kC,WÒ,ί޳,Ŷ
016934,kC,WÒ,ί޳,
016942,kC,P,ί޳,׳
016951,kC,FO,ί޳,
016969,kC,,ί޳,
016977,kC,ʑ,ί޳,
016985,kC,ʑ,ί޳,
016993,kC,ѓߑ,ί޳,
017001,kC,A摺,ί޳,
020001,X,,ع,
022012,X,Xs,ع,ؼ
022021,X,OOs,ع,ۻ
022039,X,ˎs,ع,ͼ
022047,X,Ύs,ع,۲
022055,X,܏쌴s,ع,޼׼
022063,X,\acs,ع,޼
022071,X,Os,ع,лܼ
022080,X,ނs,ع,¼
022098,X,s,ع,¶ټ
022101,X,s,ع,׶ܼ
023019,X,,ع,Ų
023035,X,ʒ,ع,
023043,X,Hc,ع,ӷ
023078,X,Ol,ع,Ķ
023213,X,˃,ع,޶޻
023230,X,[Y,ع,̶
023434,X,ډ,ع,Ƽ
023612,X,蒬,ع,̼޻
023621,X,k,ع,
023671,X,cɊّ,ع,Ŷ
023817,X,,ع,ŷ
023841,X,ߓc,ع,
023876,X,,ع,Ŷ
024015,X,Ӓn,ع,ͼ
024023,X,˒,ع,
024058,X,Z˒,ع,۸
024066,X,l,ع,ֺ
024082,X,k,ع,ĳθ
024112,X,Z,ع,ۯ
024121,X,点,ع,׾
024236,X,Ԓ,ع,
024244,X,ʑ,ع,˶޼޵
024252,X,ԉY,ع,ϳ
024261,X,䑺,ع,
024414,X,O˒,ع,
024422,X,܌˒,ع,
024431,X,cq,ع,
024457,X,암,ع,
024465,X,K㒬,ع,ʼ
024503,X,V,ع,ݺ޳
030007,茧,,ù,
032018,茧,s,ù,ص
032026,茧,{Îs,ù,Ժ
032034,茧,Dns,ù,ļ
032051,茧,Ԋs,ù,Ϸ
032069,茧,ks,ù,м
032077,茧,vs,ù,޼
032085,茧,s,ù,ĵɼ
032093,茧,֎s,ù,ɾ
032107,茧,Ocs,ù,ظ
032115,茧,Ύs,ù,ϲ
032131,茧,ˎs,ù,ͼ
032140,茧,s,ù,
032158,茧,Bs,ù,
032166,茧,s,ù,ܼ
033014,茧,Β,ù,޸
033022,茧,,ù,Ϸ
033031,茧,蒬,ù,
033219,茧,g,ù,
033227,茧,В,ù,
033669,茧,a꒬,ù,Ƽܶ
033812,茧,P蒬,ù,ȶ޻
034029,茧,,ù,ײ
034410,茧,Zc,ù,
034614,茧,ƒ,ù,
034827,茧,Rc,ù,
034835,茧,,ù,ܲ
034843,茧,c씨,ù,
034851,茧,㑺,ù,޲
035017,茧,yĒ,ù,ϲ
035033,茧,c,ù,
035068,茧,ˑ,ù,
035076,茧,m쒬,ù,
035246,茧,˒,ù,
040002,{錧,,Է޹,
041009,{錧,s,Է޹,޲
042021,{錧,Ίs,Է޹,Ϸ
042030,{錧,}s,Է޹,ϼ
042056,{錧,Cs,Է޹,ϼ
042064,{錧,Ύs,Է޹,۲
042072,{錧,s,Է޹,ؼ
042081,{錧,pcs,Է޹,޼
042099,{錧,s,Է޹,޼ޮ
042111,{錧,s,Է޹,ϼ
042129,{錧,oĎs,Է޹,Ҽ
042137,{錧,Is,Է޹,׼
042145,{錧,s,Է޹,˶޼¼ϼ
042153,{錧,s,Է޹,
042161,{錧,xJs,Է޹,Լ
043010,{錧,,Է޹,޵
043028,{錧,h,Է޹,
043214,{錧,͌,Է޹,
043222,{錧,c,Է޹,
043231,{錧,ēc,Է޹,
043249,{錧,蒬,Է޹,ܻ
043419,{錧,ېX,Է޹,
043613,{錧,j,Է޹,
043621,{錧,R,Է޹,
044016,{錧,,Է޹,¼
044041,{錧,l,Է޹,
044067,{錧,{,Է޹,
044211,{錧,a,Է޹,
044229,{錧,勽,Է޹,
044245,{錧,t,Է޹,
044440,{錧,F,Է޹,
044458,{錧,,Է޹,
045012,{錧,OJ,Է޹,ܸ
045055,{錧,,Է޹,л
045811,{錧,쒬,Է޹,Ŷ
046060,{錧,O,Է޹,лظ
050008,Hc,,,
052019,Hc,Hcs,,
052027,Hc,\s,,ɼۼ
052035,Hc,s,,ֺü
052043,Hc,َs,,ü
052060,Hc,js,,޼
052078,Hc,s,,ջܼ
052094,Hc,ps,,ɼ
052108,Hc,R{s,,ݼޮ
052116,Hc,s,,м
052124,Hc,s,,޲ݼ
052132,Hc,kHcs,,
052141,Hc,ɂَs,,ƶμ
052159,Hc,ks,,޸
053031,Hc,⒬,,
053279,Hc,㏬m,,к
053465,Hc,,,̼޻
053481,Hc,O풬,,
053490,Hc,,,ʯ߳
053619,Hc,܏ڒ,,޼ޮ
053635,Hc,Y,,۳
053660,Hc,쒬,,
053686,Hc,劃,,
054348,Hc,,,л
054631,Hc,H㒬,,
054640,Hc,,,˶޼پ
060003,R`,,϶,
062014,R`,R`s,϶,϶
062022,R`,đs,϶,Ȼܼ
062031,R`,߉s,϶,ٵ
062049,R`,cs,϶,
062057,R`,Vs,϶,ݼޮ
062065,R`,͍]s,϶,޴
062073,R`,Rs,϶,ϼ
062081,R`,Rs,϶,ϼ
062090,R`,s,϶,Ŷ޲
062103,R`,Vs,϶,޳
062111,R`,s,϶,˶޼ȼ
062120,R`,ԑs,϶,Żܼ
062138,R`,zs,϶,ֳ
063011,R`,RӒ,϶,
063029,R`,R,϶,Ŷ
063215,R`,͖k,϶,θ
063223,R`,쒬,϶,Ƽ
063231,R`,,϶,
063240,R`,],϶,
063410,R`,Γc,϶,
063614,R`,R,϶,
063622,R`,ŏ㒬,϶,Ӷ
063631,R`,M`,϶,Ŷ
063649,R`,^쒬,϶,۶
063657,R`,呠,϶,
063665,R`,쑺,϶,
063673,R`,ˑ,϶,Ļ
063819,R`,,϶,
063827,R`,쐼,϶,Ƽ
064017,R`,,϶,
064025,R`,钬,϶,
064033,R`,іL,϶,
064262,R`,O쒬,϶,ж
064289,R`,,϶,ֳŲ
064611,R`,V,϶,ջ
070009,,,̸Ϲ,
072010,,s,̸Ϲ,̸ϼ
072028,,Îᏼs,̸Ϲ,ܶ¼
072036,,SRs,̸Ϲ,ϼ
072044,,킫s,̸Ϲ,ܷ
072052,,͎s,̸Ϲ,׶ܼ
072079,,{s,̸Ϲ,ܼ
072087,,쑽s,̸Ϲ,
072095,,ns,̸Ϲ,ϼ
072109,,{s,̸Ϲ,¼
072117,,cs,̸Ϲ,׼
072125,,쑊ns,̸Ϲ,пϼ
072133,,ɒBs,̸Ϲ,ü
072141,,{{s,̸Ϲ,Լ
073016,,Kܒ,̸Ϲ,
073032,,,̸Ϲ,
073083,,얓,̸Ϲ,
073229,,ʑ,̸Ϲ,
073423,,Β,̸Ϲ,в
073440,,Vh,̸Ϲ,ݴ
073628,,,̸Ϲ,Ӻ޳
073644,,w},̸Ϲ,ɴ
073679,,,̸Ϲ,
073687,,Ò,̸Ϲ,б
074021,,k,̸Ϲ,
074055,,Ò,̸Ϲ,Ƽ
074071,,֒,̸Ϲ,޲
074080,,c㒬,̸Ϲ,ܼ
074217,,Í≺,̸Ϲ,ݹ
074225,,쑺,̸Ϲ,ն
074233,,Ò,̸Ϲ,Ų
074446,,O,̸Ϲ,м
074454,,R,̸Ϲ,
074462,,a,̸Ϲ,
074471,,Ô,̸Ϲ,л
074616,,,̸Ϲ,Ƽ޳
074641,,葺,̸Ϲ,л޷
074659,,,̸Ϲ,Ŷ
074667,,,̸Ϲ,޷
074811,,Iq,̸Ϲ,Ÿ
074829,,Ւ,̸Ϲ,
074837,,,̸Ϲ,
074845,,L쑺,̸Ϲ,Ҷ
075019,,ΐ쒬,̸Ϲ,
075027,,ʐ쑺,̸Ϲ,϶
075035,,c,̸Ϲ,
075043,,쒬,̸Ϲ,
075051,,Óa,̸Ϲ,
075213,,Ot,̸Ϲ,
075221,,쒬,̸Ϲ,
075418,,L쒬,̸Ϲ,
075426,,t,̸Ϲ,
075434,,x,̸Ϲ,е
075442,,,̸Ϲ,ܳ
075451,,F,̸Ϲ,
075469,,ot,̸Ϲ,
075477,,Q],̸Ϲ,д
075485,,,̸Ϲ,׵
075612,,Vn,̸Ϲ,
075647,,ъڑ,̸Ϲ,
080004,錧,,׷,
082015,錧,ˎs,׷,ļ
082023,錧,s,׷,
082031,錧,yYs,׷,׼
082040,錧,É͎s,׷,޼
082058,錧,Ήs,׷,
082074,錧,s,׷,ճ
082082,錧,Ps,׷,ح޻
082104,錧,Ȏs,׷,ϼ
082112,錧,푍s,׷,ޮ
082121,錧,헤cs,׷,
082147,錧,s,׷,ʷ޼
082155,錧,ks,׷,׷
082163,錧,}Ԏs,׷,ϼ
082171,錧,s,׷,޼
082198,錧,vs,׷,
082201,錧,Ύs,׷,¸޼
082210,錧,ЂȂs,׷,Ŷ
082228,錧,s,׷,ϼ
082236,錧,s,׷,
082244,錧,Js,׷,Լ
082252,錧,헤{s,׷,Լ
082261,錧,߉ώs,׷,Ŷ
082279,錧,}s,׷,
082287,錧,Ⓦs,׷,޳
082295,錧,~s,׷,ż
082309,錧,݂s,׷,ж޳׼
082317,錧,s,׷,׶ܼ
082325,錧,_s,׷,н
082333,錧,ss,׷,Ҷ
082341,錧,gcs,׷,κ
082350,錧,΂݂炢s,׷,¸ײ
082368,錧,ʎs,׷,ϼ
083020,錧,钬,׷,׷
083097,錧,,׷,ײ
083101,錧,闢,׷,ۻ
083411,錧,C,׷,ĳ
083640,錧,q,׷,޲
084425,錧,Y,׷,
084433,錧,,׷,
084476,錧,͓,׷,
085219,錧,㒬,׷,
085421,錧,܉,׷,޶
085464,錧,,׷,
085642,錧,,׷,
090000,Ȗ،,,޹,
092011,Ȗ،,Fs{s,޹,Լ
092029,Ȗ،,s,޹,޼
092037,Ȗ،,Ȗ؎s,޹,޼
092045,Ȗ،,s,޹,ɼ
092053,Ȗ،,s,޹,ϼ
092061,Ȗ،,s,޹,Ư
092088,Ȗ،,Rs,޹,ϼ
092096,Ȗ،,^s,޹,ӵ
092100,Ȗ،,cs,޹,׼
092118,Ȗ،,s,޹,Բ
092134,Ȗ،,ߐ{s,޹,Ž׼
092142,Ȗ،,s,޹,׼
092151,Ȗ،,ߐ{GRs,޹,Ž׽ϼ
092169,Ȗ،,s,޹,¹
093017,Ȗ،,O쒬,޹,ɶ
093424,Ȗ،,vq,޹,ϼ
093432,Ȗ،,Ζؒ,޹,÷
093441,Ȗ،,sL,޹,
093459,Ȗ،,F꒬,޹,ʶ
093611,Ȗ،,p,޹,
093645,Ȗ،,ؒ,޹,ɷ
093840,Ȗ،,J,޹,
093866,Ȗ،,,޹,Ȼ
094072,Ȗ،,ߐ{,޹,Ž
094111,Ȗ،,߉ϐ쒬,޹,Ŷ
100005,Qn,,Ϲ,
102016,Qn,Os,Ϲ,ϴ޼
102024,Qn,s,Ϲ,
102032,Qn,ːs,Ϲ,ح
102041,Qn,ɐs,Ϲ,
102059,Qn,cs,Ϲ,
102067,Qn,cs,Ϲ,
102075,Qn,ٗюs,Ϲ,Լ
102083,Qn,as,Ϲ,޶ܼ
102091,Qn,s,Ϲ,̼޵
102105,Qn,xs,Ϲ,е
102113,Qn,s,Ϲ,Ŷ
102121,Qn,݂ǂs,Ϲ,ؼ
103446,Qn,Y,Ϲ,ĳ
103454,Qn,g,Ϲ,ּ
103667,Qn,쑺,Ϲ,
103675,Qn,_,Ϲ,
103829,Qn,mc,Ϲ,
103837,Qn,q,Ϲ,Ӹ
103845,Qn,Êy,Ϲ,
104213,Qn,V,Ϲ,Ŷɼֳ
104248,Qn,쌴,Ϲ,Ŷ
104256,Qn,ڗ,Ϲ,Ϻ޲
104264,Qn,Ò,Ϲ,
104281,Qn,R,Ϲ,
104299,Qn,Ȓ,Ϲ,˶޼
104434,Qn,Еi,Ϲ,
104442,Qn,ꑺ,Ϲ,
104485,Qn,a,Ϲ,
104493,Qn,݂Ȃݒ,Ϲ,Ŷ
104647,Qn,ʑ,Ϲ,
105210,Qn,q,Ϲ,
105228,Qn,a,Ϲ,Ҳ
105236,Qn,c,Ϲ,
105244,Qn,,Ϲ,
105252,Qn,Wy,Ϲ,
110001,ʌ,,Ϲ,
111007,ʌ,܎s,Ϲ,ϼ
112011,ʌ,zs,Ϲ,ܺ޴
112020,ʌ,FJs,Ϲ,϶Լ
112038,ʌ,s,Ϲ,ܸ
112062,ʌ,scs,Ϲ,ֳ޼
112071,ʌ,s,Ϲ,޼
112089,ʌ,s,Ϲ,ĺۻܼ
112097,ʌ,є\s,Ϲ,ɳ
112101,ʌ,{s,Ϲ,޼
112119,ʌ,{s,Ϲ,ݼֳ
112127,ʌ,Rs,Ϲ,˶޼ϼ
112143,ʌ,ts,Ϲ,޼
112151,ʌ,Rs,Ϲ,ϼ
112160,ʌ,Hs,Ϲ,ճ
112178,ʌ,s,Ϲ,ɽ
112186,ʌ,[Js,Ϲ,̶Լ
112194,ʌ,s,Ϲ,޵
112216,ʌ,s,Ϲ,
112224,ʌ,zJs,Ϲ,Լ
112232,ʌ,ns,Ϲ,޼
112241,ʌ,˓cs,Ϲ,޼
112259,ʌ,Ԏs,Ϲ,ϼ
112275,ʌ,s,Ϲ,
112283,ʌ,u؎s,Ϲ,
112291,ʌ,as,Ϲ,ܺ
112305,ʌ,Vs,Ϲ,Ʋ޼
112313,ʌ,s,Ϲ,ܼ
112321,ʌ,vs,Ϲ,
112330,ʌ,k{s,Ϲ,ļ
112348,ʌ,s,Ϲ,Լ
112356,ʌ,xms,Ϲ,̼м
112372,ʌ,Os,Ϲ,лļ
112381,ʌ,@cs,Ϲ,ʽ޼
112399,ʌ,ˎs,Ϲ,޼
112402,ʌ,Ks,Ϲ,ü
112411,ʌ,߃s,Ϲ,ٶ޼ϼ
112429,ʌ,s,Ϲ,޶
112437,ʌ,gs,Ϲ,ּܼ
112453,ʌ,ӂݖs,Ϲ,̼ɼ
112461,ʌ,s,Ϲ,׵
113018,ʌ,ɓޒ,Ϲ,
113247,ʌ,OF,Ϲ,ּ
113263,ʌ,јCR,Ϲ,
113271,ʌ,z,Ϲ,޾
113417,ʌ,쒬,Ϲ,Ҷ
113425,ʌ,R,Ϲ,ݻ
113433,ʌ,쒬,Ϲ,
113468,ʌ,쓇,Ϲ,ܼ
113476,ʌ,g,Ϲ,ּ
113484,ʌ,R,Ϲ,
113492,ʌ,Ƃ풬,Ϲ,ķ
113611,ʌ,,Ϲ,ֺ
113620,ʌ,F쒬,Ϲ,
113638,ʌ,Ғ,Ϲ,Ŷ
113654,ʌ,쒬,Ϲ,
113697,ʌ,,Ϲ,˶޼
113816,ʌ,,Ϲ,л
113832,ʌ,_쒬,Ϲ,ж
113859,ʌ,㗢,Ϲ,л
114081,ʌ,񋏒,Ϲ,ز
114421,ʌ,{㒬,Ϲ,Լ
114642,ʌ,˒,Ϲ,
114651,ʌ,,Ϲ,޼
120006,t,,޹,
121002,t,ts,޹,޼
122025,t,qs,޹,
122033,t,ss,޹,ܼ
122041,t,Ds,޹,޼
122050,t,َRs,޹,ϼ
122068,t,؍XÎs,޹,޼
122076,t,ˎs,޹,޼
122084,t,cs,޹,޼
122106,t,Όs,޹,׼
122114,t,cs,޹,
122122,t,qs,޹,׼
122131,t,s,޹,ĳȼ
122157,t,s,޹,˼
122165,t,Kus,޹,׼ɼ
122173,t,s,޹,ܼ
122181,t,Ys,޹,³׼
122190,t,ss,޹,׼
122203,t,Rs,޹,Ŷϼ
122211,t,s,޹,ּ
122220,t,䑷qs,޹,޺
122238,t,s,޹,Ӷܼ
122246,t,PJs,޹,϶Լ
122254,t,NÎs,޹,¼
122262,t,xÎs,޹,̯¼
122271,t,Ys,޹,Խ
122289,t,lXs,޹,¶޳
122297,t,PYs,޹,޶޳׼
122301,t,Xs,޹,
122319,t,󐼎s,޹,ݻ޲
122327,t,s,޹,۲
122335,t,xs,޹,лļ
122343,t,[s,޹,޳
122351,t,xs,޹,
122360,t,s,޹,ؼ
122378,t,Rs,޹,Ѽ
122386,t,ݎs,޹,м
122394,t,Ԕs,޹,м׻ļ
123226,t,X䒬,޹,
123293,t,h,޹,
123421,t,_蒬,޹,޷
123471,t,Ò,޹,
123498,t,,޹,ĳɼ
124036,t,\㗢,޹,ճ
124095,t,ŎR,޹,
124109,t,Ō,޹,ֺ˶
124214,t,{,޹,
124222,t,r,޹,»
124231,t,,޹,
124249,t,q,޹,׺
124265,t,,޹,Ŷ
124273,t,쒬,޹,
124419,t,命쒬,޹,
124435,t,h,޹,ݼո
124630,t,쒬,޹,
130001,s,,ĳ,
131016,s,c,ĳ,޸
131024,s,,ĳ,
131032,s,`,ĳ,ĸ
131041,s,Vh,ĳ,ݼޭ
131059,s,,ĳ,ݷ
131067,s,䓌,ĳ,ĳ
131075,s,nc,ĳ,޸
131083,s,],ĳ,ĳ
131091,s,i,ĳ,Ŷܸ
131105,s,ڍ,ĳ,Ҹ۸
131113,s,c,ĳ,
131121,s,cJ,ĳ,Ը
131130,s,aJ,ĳ,Ը
131148,s,,ĳ,Ŷɸ
131156,s,,ĳ,и
131164,s,L,ĳ,ļϸ
131172,s,k,ĳ,
131181,s,r,ĳ,׶ܸ
131199,s,,ĳ,޼
131202,s,n,ĳ,ϸ
131211,s,,ĳ,
131229,s,,ĳ,¼
131237,s,]ː,ĳ,޶ܸ
132012,s,qs,ĳ,޼
132021,s,s,ĳ,ܼ
132039,s,s,ĳ,ѻɼ
132047,s,Os,ĳ,
132055,s,~s,ĳ,Ҽ
132063,s,{s,ĳ,
132071,s,s,ĳ,ϼ
132080,s,zs,ĳ,̼
132098,s,cs,ĳ,޼
132101,s,s,ĳ,Ȳ
132110,s,s,ĳ,޲׼
132128,s,s,ĳ,ɼ
132136,s,Rs,ĳ,˶޼ϼ
132144,s,s,ĳ,ݼ޼
132152,s,s,ĳ,
132187,s,s,ĳ,̯
132195,s,]s,ĳ,ϴ
132209,s,as,ĳ,˶޼ļ
132217,s,s,ĳ,־
132225,s,vĎs,ĳ,˶޼Ҽ
132233,s,Rs,ĳ,ѻϼ
132241,s,s,ĳ,ϼ
132250,s,s,ĳ,ŷ޼
132276,s,Hs,ĳ,׼
132284,s,s,ĳ,ɼ
132292,s,s,ĳ,Ƽĳ
133035,s,䒬,ĳ,н
133051,s,̏o,ĳ,
133078,s,w,ĳ,
133086,s,,ĳ,
133612,s,哇,ĳ,
133621,s,,ĳ,ļ
133639,s,V,ĳ,Ʋ
133647,s,_Ó,ĳ,޼
133817,s,O,ĳ,Թ
133825,s,䑠,ĳ,и׼
134015,s,䒬,ĳ,ޮ
134023,s,,ĳ,޼
134210,s,},ĳ,޻
140007,_ސ쌧,,Ŷܹ,
141003,_ސ쌧,ls,Ŷܹ,ֺϼ
141305,_ސ쌧,s,Ŷܹ,ܻ
141500,_ސ쌧,͌s,Ŷܹ,׼
142018,_ސ쌧,{s,Ŷܹ,ֺ
142034,_ސ쌧,ˎs,Ŷܹ,¶
142042,_ސ쌧,qs,Ŷܹ,ϸ׼
142051,_ސ쌧,s,Ŷܹ,̼޻ܼ
142069,_ސ쌧,cs,Ŷܹ,׼
142077,_ސ쌧,s,Ŷܹ,޻
142085,_ސ쌧,qs,Ŷܹ,޼
142107,_ސ쌧,OYs,Ŷܹ,г׼
142115,_ސ쌧,`s,Ŷܹ,ɼ
142123,_ސ쌧,؎s,Ŷܹ,·޼
142131,_ސ쌧,as,Ŷܹ,ļ
142140,_ސ쌧,ɐs,Ŷܹ,׼
142158,_ސ쌧,CVs,Ŷܹ,ż
142166,_ސ쌧,Ԏs,Ŷܹ,ϼ
142174,_ސ쌧,쑫s,Ŷܹ,б׼
142182,_ސ쌧,s,Ŷܹ,Ծ
143014,_ސ쌧,tR,Ŷܹ,
143219,_ސ쌧,쒬,Ŷܹ,Ѷ
143413,_ސ쌧,钬,Ŷܹ,
143421,_ސ쌧,{,Ŷܹ,
143618,_ސ쌧,䒬,Ŷܹ,Ŷ
143626,_ސ쌧,䒬,Ŷܹ,
143634,_ސ쌧,c,Ŷܹ,
143642,_ސ쌧,Rk,Ŷܹ,Ϸ
143669,_ސ쌧,J,Ŷܹ,
143821,_ސ쌧,,Ŷܹ,ʺ
143839,_ސ쌧,^ߒ,Ŷܹ,
143847,_ސ쌧,͌,Ŷܹ,ն
144011,_ސ쌧,쒬,Ŷܹ,
144029,_ސ쌧,쑺,Ŷܹ,ֶ
150002,V,,Ʋ,
151009,V,Vs,Ʋ,Ʋ
152021,V,s,Ʋ,Ŷ޵
152048,V,Os,Ʋ,ݼޮ
152056,V,s,Ʋ,ܻ޷
152064,V,Vcs,Ʋ,
152081,V,Js,Ʋ,Լ
152099,V,Ύs,Ʋ,Ӽ
152102,V,\s,Ʋ,ĵ
152111,V,s,Ʋ,¹
152129,V,s,Ʋ,׶м
152137,V,s,Ʋ,Ҽ
152161,V,s,Ʋ,Ĳܼ
152170,V,s,Ʋ,Ю
152188,V,ܐs,Ʋ,޾ݼ
152226,V,zs,Ʋ,ޮ¼
152234,V,s,Ʋ,ɼ
152242,V,ns,Ʋ,޼
152251,V,s,Ʋ,ϼ
152269,V,싛s,Ʋ,гϼ
152277,V,ٓs,Ʋ,Ų
153079,V,Ē,Ʋ,۳
153427,V,F,Ʋ,˺
153613,V,c㒬,Ʋ,
153851,V,꒬,Ʋ,
154059,V,o_蒬,Ʋ,ӻ޷
154610,V,,Ʋ,ջ
154822,V,Ó쒬,Ʋ,
155047,V,H,Ʋ,
155811,V,֐쑺,Ʋ,
155861,V,Y,Ʋ,ܼϳ
160008,xR,,Ϲ,
162019,xR,xRs,Ϲ,ϼ
162027,xR,s,Ϲ,
162043,xR,Îs,Ϲ,޼
162051,xR,Xs,Ϲ,м
162060,xR,s,Ϲ,ضܼ
162078,xR,s,Ϲ,޼
162086,xR,vgs,Ϲ,м
162094,xR,s,Ϲ,޼
162108,xR,vs,Ϲ,ļ
162116,xR,ːs,Ϲ,н޼
163210,xR,M,Ϲ,ʼ
163228,xR,s,Ϲ,в
163236,xR,R,Ϲ,
163422,xR,P,Ϲ,ƭ
163431,xR,,Ϲ,
170003,ΐ쌧,,ܹ,
172014,ΐ쌧,s,ܹ,Żܼ
172022,ΐ쌧,s,ܹ,ŵ
172031,ΐ쌧,s,ܹ,¼
172049,ΐ쌧,֓s,ܹ,ܼϼ
172057,ΐ쌧,Fs,ܹ,޼
172065,ΐ쌧,s,ܹ,޼
172073,ΐ쌧,Hs,ܹ,ʸ
172090,ΐ쌧,قs,ܹ,θ
172103,ΐ쌧,Rs,ܹ,ʸݼ
172111,ΐ쌧,\s,ܹ,м
172120,ΐ쌧,Xss,ܹ,ɲ
173240,ΐ쌧,k,ܹ,ܷ
173614,ΐ쌧,Ô,ܹ,
173657,ΐ쌧,咬,ܹ,
173843,ΐ쌧,u꒬,ܹ,
173860,ΐ쌧,Bu,ܹ,γ¼н
174076,ΐ쌧,\o,ܹ,Ŷ
174611,ΐ쌧,,ܹ,н
174637,ΐ쌧,\o,ܹ,
180009,䌧,,̸,
182010,䌧,s,̸,̸
182028,䌧,։s,̸,ٶ޼
182044,䌧,ls,̸,ϼ
182052,䌧,s,̸,ɼ
182061,䌧,Rs,̸,ϼ
182079,䌧,I]s,̸,޴
182087,䌧,s,̸,׼
182095,䌧,zOs,̸,ݼ
182109,䌧,s,̸,
183229,䌧,i,̸,Ͳ
183822,䌧,rc,̸,
184047,䌧,zO,̸,д
184233,䌧,zO,̸,
184420,䌧,l,̸,
184811,䌧,l,̸,
184837,䌧,,̸,
185019,䌧,ዷ,̸,ܶ
190004,R,,ż,
192015,R,b{s,ż,̼
192023,R,xmgcs,ż,ּ̼޼
192040,R,ss,ż,ټ
192058,R,Rs,ż,ż
192066,R,匎s,ż,·
192074,R,Bs,ż,׻
192082,R,AvXs,ż,б߽
192091,R,kms,ż,θļ
192104,R,bs,ż,
192112,R,Js,ż,̴̷
192121,R,쌴s,ż,׼
192139,R,bBs,ż,
192147,R,s,ż,
193461,R,sO,ż,л
193640,R,쒬,ż,Զ
193658,R,g,ż,
193666,R,암,ż,
193682,R,xm쒬,ż,̼޶
193844,R,a,ż,
194221,R,u,ż,޳
194239,R,j,ż,Ƽ
194247,R,E쑺,ż,
194255,R,RΑ,ż,Ŷ
194298,R,,ż,ٻ
194301,R,xm͌Β,ż,̼޶ܸ
194425,R,,ż,
194433,R,OgR,ż,
200000,쌧,,Ŷɹ,
202011,쌧,s,Ŷɹ,Ŷɼ
202029,쌧,{s,Ŷɹ,ļ
202037,쌧,cs,Ŷɹ,޼
202045,쌧,Js,Ŷɹ,Լ
202053,쌧,ѓcs,Ŷɹ,޼
202061,쌧,zKs,Ŷɹ,ܼ
202070,쌧,{s,Ŷɹ,޶
202088,쌧,s,Ŷɹ,ۼ
202096,쌧,ɓߎs,Ŷɹ,ż
202100,쌧,s,Ŷɹ,϶ȼ
202118,쌧,s,Ŷɹ,Ŷɼ
202126,쌧,咬s,Ŷɹ,
202134,쌧,юRs,Ŷɹ,ϼ
202142,쌧,s,Ŷɹ,ɼ
202151,쌧,Ks,Ŷɹ,ؼ
202177,쌧,vs,Ŷɹ,
202185,쌧,Ȏs,Ŷɹ,ϼ
202193,쌧,s,Ŷɹ,ĳм
202207,쌧,ܖs,Ŷɹ,ɼ
203033,쌧,C,Ŷɹ,
203041,쌧,㑺,Ŷɹ,ܶ
203050,쌧,q,Ŷɹ,Ϸ
203068,쌧,쑊ؑ,Ŷɹ,б
203076,쌧,kؑ,Ŷɹ,
203092,쌧,v䒬,Ŷɹ,
203211,쌧,y,Ŷɹ,ٲ
203238,쌧,c,Ŷɹ,
203246,쌧,Ȓ,Ŷɹ,ü
203491,쌧,ؑ,Ŷɹ,
203505,쌧,a,Ŷɹ,Ŷ
203611,쌧,zK,Ŷɹ,ӽ
203629,쌧,xm,Ŷɹ,̼
203637,쌧,,Ŷɹ,
203823,쌧,C쒬,Ŷɹ,
203831,쌧,֒,Ŷɹ,
203840,쌧,ѓ,Ŷɹ,
203858,쌧,얥֑,Ŷɹ,
203866,쌧,쑺,Ŷɹ,Ŷ
203882,쌧,{c,Ŷɹ,
204021,쌧,쒬,Ŷɹ,¶
204030,쌧,X,Ŷɹ,
204048,쌧,쒬,Ŷɹ,
204072,쌧,q,Ŷɹ,
204099,쌧,J,Ŷɹ,
204102,쌧,H,Ŷɹ,
204111,쌧,,Ŷɹ,Ӽޮ
204129,쌧,ؑ,Ŷɹ,ٷ
204137,쌧,V,Ŷɹ,ح
204145,쌧,ו,Ŷɹ,Խ
204153,쌧,ؑ,Ŷɹ,
204161,쌧,Lu,Ŷɹ,ֵ
204170,쌧,厭,Ŷɹ,
204226,쌧,㏼,Ŷɹ,
204234,쌧,ؑ],Ŷɹ,ŷ޿
204251,쌧,ؑc,Ŷɹ,
204293,쌧,ꑺ,Ŷɹ,
204307,쌧,K,Ŷɹ,
204323,쌧,ؑ],Ŷɹ,
204463,쌧,ё,Ŷɹ,
204480,쌧,⑺,Ŷɹ,
204501,쌧,R`,Ŷɹ,϶
204510,쌧,,Ŷɹ,
204528,쌧,}k,Ŷɹ,θ
204811,쌧,rc,Ŷɹ,
204820,쌧,쑺,Ŷɹ,¶
204854,쌧,n,Ŷɹ,ʸ
204862,쌧,J,Ŷɹ,
205214,쌧,钬,Ŷɹ,
205419,쌧,z{,Ŷɹ,޾
205435,쌧,R,Ŷɹ,
205613,쌧,Rm,Ŷɹ,ɳ
205621,쌧,ؓ,Ŷɹ,޲
205630,쌧,򉷐,Ŷɹ,ɻܵݾ
205834,쌧,MZ,Ŷɹ,
205885,쌧,쑺,Ŷɹ,
205907,쌧,эj,Ŷɹ,
206024,쌧,h,Ŷɹ,
210005,򕌌,,̹,
212016,򕌌,򕌎s,̹,̼
212024,򕌌,_s,̹,޷
212032,򕌌,Rs,̹,ϼ
212041,򕌌,s,̹,м
212059,򕌌,֎s,̹,
212067,򕌌,Ðs,̹,Ŷ¶ܼ
212075,򕌌,Zs,̹,ɼ
212083,򕌌,Qs,̹,нм
212091,򕌌,Hs,̹,ʼϼ
212105,򕌌,bߎs,̹,ż
212113,򕌌,ZΎs,̹,ɶӼ
212121,򕌌,ys,̹,ķ
212130,򕌌,es,̹,ж׼
212148,򕌌,s,̹,Ƽ
212156,򕌌,Rs,̹,϶
212164,򕌌,s,̹,нμ
212172,򕌌,ˎs,̹,޼
212181,򕌌,{s,̹,Ľ
212199,򕌌,Ss,̹,޼ޮ
212202,򕌌,Cs,̹,ۼ
212211,򕌌,CÎs,̹,޼
213021,򕌌,쒬,̹,
213039,򕌌,},̹,
213411,򕌌,{V,̹,ֳ۳
213616,򕌌,䒬,̹,ٲ
213624,򕌌,փP,̹,
213811,򕌌,_˒,̹,޳
213829,򕌌,֔V,̹,ɳ
213837,򕌌,,̹,
214019,򕌌,K쒬,̹,޶
214035,򕌌,쒬,̹,
214043,򕌌,rc,̹,
214213,򕌌,k,̹,
215015,򕌌,j,̹,η
215023,򕌌,x,̹,ж
215031,򕌌,Ӓ,̹,
215040,򕌌,@,̹,
215058,򕌌,SÒ,̹,Ե
215066,򕌌,쒬,̹,׶
215074,򕌌,쑺,̹,˶޼׶
215210,򕌌,䐓,̹,
216046,򕌌,쑺,̹,׶
220001,É,,޵,
221007,É,És,޵,޵
221309,É,ls,޵,¼
222038,É,Îs,޵,޼
222054,É,MCs,޵,м
222062,É,Os,޵,мϼ
222071,É,xm{s,޵,̼Լ
222089,É,ɓs,޵,ĳ
222097,É,cs,޵,޼
222101,É,xms,޵,̼޼
222119,É,֓cs,޵,
222127,É,ĒÎs,޵,Բ޼
222135,É,|s,޵,ܼ
222143,É,}s,޵,̼޴޼
222151,É,as,޵,޼
222160,É,܈s,޵,̸۲
222194,É,cs,޵,޼
222208,É,s,޵,ɼ
222216,É,ΐs,޵,
222224,É,ɓs,޵,޼
222232,É,Os,޵,ϴ޷
222241,É,es,޵,ܼ
222259,É,ɓ̍s,޵,ɸƼ
222267,É,qVs,޵,Ϸ׼
223018,É,ɓ,޵,˶޼
223026,É,͒Ò,޵,
223042,É,ɓ,޵,в
223051,É,蒬,޵,»޷
223069,É,ɓ,޵,Ƽ
223255,É,쒬,޵,
223417,É,,޵,н
223425,É,,޵,Ŷ޲
223441,É,R,޵,
224243,É,gc,޵,ּ
224294,É,썪{,޵,
224618,É,X,޵,
230006,m,,,
231002,m,És,,źԼ
232017,m,Ls,,ʼ
232025,m,s,,޷
232033,m,{s,,Լ
232041,m,ˎs,,ļ
232050,m,cs,,޼
232068,m,ts,,޲
232076,m,Ls,,ֶܼ
232084,m,Ós,,¼ϼ
232092,m,ɓs,,ͷݼ
232106,m,Js,,Լ
232114,m,Lcs,,
232122,m,s,,ݼޮ
232131,m,s,,Ƽ
232149,m,Ss,,Ϻ޵ؼ
232157,m,Rs,,ϼ
232165,m,튊s,,ĺҼ
232173,m,]s,,ݼ
232190,m,qs,,Ϸ
232203,m,s,,Żܼ
232211,m,Vs,,ݼۼ
232220,m,Cs,,ĳ
232238,m,{s,,޼
232246,m,ms,,
232254,m,ms,,ح
232262,m,s,,ر˼
232271,m,ls,,ϼ
232289,m,qs,,ܸ׼
232297,m,Ls,,ֱ
232301,m,is,,Ưݼ
232319,m,cs,,׼
232327,m,s,,
232335,m,{s,,ֽ
232343,m,kÉs,,źԼ
232351,m,xs,,м
232360,m,݂悵s,,ּ
232378,m,܎s,,ϼ
232386,m,vs,,Ŷ޸ü
233021,m,,,ĳ޳
233421,m,LR,,
233617,m,,,
233625,m,}K,,̿
234249,m,厡,,
234257,m,I],,ƴ
234273,m,򓇑,,޼
234419,m,v䒬,,޲
234427,m,Y,,˶޼
234451,m,m,,
234460,m,l,,
234478,m,L,,
235016,m,Kc,,
235610,m,݊y,,
235628,m,h,,ĳ
235636,m,L,,
240001,Od,,д,
242012,Od,Îs,д,¼
242021,Od,lss,д,֯
242039,Od,ɐs,д,
242047,Od,s,д,»
242055,Od,Ks,д,ż
242071,Od,鎭s,д,޶
242080,Od,s,д,ؼ
242098,Od,hs,д,ܾ
242101,Od,TRs,д,ϼ
242110,Od,Hs,д,޼
242128,Od,Fs,д,ɼ
242144,Od,Ȃ׎s,д,޼
242152,Od,us,д,ϼ
242161,Od,ɉs,д,޼
243035,Od,ؑ],д,
243248,Od,,д,ĳ
243418,Od,Ԗ쒬,д,
243434,Od,,д,
243442,Od,z,д,ܺ޴
244414,Od,C,д,
244422,Od,a,д,Ҳ
244431,Od,䒬,д,޲
244619,Od,ʏ钬,д,Ϸ
244708,Od,x,д,ײ
244716,Od,I,д,
244724,Od,ɐ,д,в
245437,Od,Ik,д,θ
245615,Od,l,д,
245623,Od,I,д,γ
250007,ꌧ,,޹,
252018,ꌧ,Îs,޹,¼
252026,ꌧ,Fs,޹,˺ȼ
252034,ꌧ,ls,޹,Ŷϼ
252042,ꌧ,ߍ]s,޹,ݼ
252069,ꌧ,Îs,޹,¼
252077,ꌧ,Rs,޹,ϼ
252085,ꌧ,Is,޹,دĳ
252093,ꌧ,bs,޹,
252107,ꌧ,Fs,޹,Խ
252115,ꌧ,Γs,޹,ݼ
252123,ꌧ,s,޹,ϼ
252131,ꌧ,ߍ]s,޹,˶޼м
252140,ꌧ,Čs,޹,ϲ׼
253839,ꌧ,쒬,޹,
253847,ꌧ,,޹,ճ
254258,ꌧ,,޹,
254410,ꌧ,L,޹,ֻ
254428,ꌧ,bǒ,޹,
254436,ꌧ,꒬,޹,
260002,s{,,,
261009,s{,ss,,ļ
262013,s{,mRs,,̸ϼ
262021,s{,ߎs,,ϲټ
262030,s{,s,,޼
262048,s{,Fs,,޼
262056,s{,{Îs,,޼
262064,s{,Ts,,ҵ
262072,s{,zs,,ޮֳ
262081,s{,s,,Ѻ
262099,s{,s,,Ŷ޵
262102,s{,s,,
262111,s{,cӎs,,޼
262129,s{,Os,,ݺ޼
262137,s{,Os,,ݼ
262145,s{,ؒÐs,,޶ܼ
263036,s{,R蒬,,ϻ޷
263222,s{,vR,,
263435,s{,蒬,,
263443,s{,Fc,,
263648,s{,}u,,
263656,s{,a,,޶
263664,s{,ؒ,,
263672,s{,R鑺,,ϼ
264075,s{,Og,,
264636,s{,ɍ,,
264652,s{,^Ӗ쒬,,ֻ
270008,{,,,
271004,{,s,,
271403,{,s,,
272027,{,ݘacs,,޼
272035,{,Ls,,Ŷ
272043,{,rcs,,޼
272051,{,cs,,
272060,{,Îs,,е¼
272078,{,Ύs,,·
272086,{,Lˎs,,޶
272094,{,s,,ظ
272108,{,s,,׶
272116,{,؎s,,׷
272124,{,s,,Ե
272132,{,򍲖s,,лɼ
272141,{,xcюs,,Լ
272159,{,Qs,,Զܼ
272167,{,͓s,,Ŷɼ
272175,{,s,,׼
272183,{,哌s,,޲ĳ
272191,{,as,,м
272205,{,ʎs,,ɵ
272213,{,s,,׼
272221,{,Hgs,,޷ɼ
272230,{,^s,,ϼ
272248,{,ےÎs,,¼
272256,{,Ύs,,
272264,{,䎛s,,̼޲׼
272272,{,s,,˶޼
272281,{,s,,ݼ
272299,{,ls,,ֳü
272302,{,s,,ɼ
272311,{,㋷Rs,,ϼ
272329,{,s,,ݼ
273015,{,{,,
273210,{,L\,,
273228,{,\,,ɾ
273414,{,,,޵
273619,{,F撬,,
273627,{,cK,,
273660,{,,,л
273813,{,q,,
273821,{,͓쒬,,
273830,{,瑁ԍ㑺,,Ա
280003,Ɍ,,ˮ޹,
281000,Ɍ,_ˎs,ˮ޹,޼
282014,Ɍ,PHs,ˮ޹,Ҽ޼
282022,Ɍ,s,ˮ޹,϶޻
282031,Ɍ,Ύs,ˮ޹,
282049,Ɍ,{s,ˮ޹,ƼԼ
282057,Ɍ,F{s,ˮ޹,ļ
282065,Ɍ,s,ˮ޹,Լ
282073,Ɍ,ɒOs,ˮ޹,м
282081,Ɍ,s,ˮ޹,
282090,Ɍ,Ls,ˮ޹,ֵ
282103,Ɍ,Ðs,ˮ޹,ܼ
282120,Ɍ,ԕs,ˮ޹,
282138,Ɍ,es,ˮ޹,Ƽܷ
282146,Ɍ,ˎs,ˮ޹,޶
282154,Ɍ,O؎s,ˮ޹,з
282162,Ɍ,s,ˮ޹,޼
282171,Ɍ,쐼s,ˮ޹,Ƽ
282189,Ɍ,s,ˮ޹,ɼ
282197,Ɍ,Ocs,ˮ޹,޼
282201,Ɍ,s,ˮ޹,
282219,Ɍ,OgRs,ˮ޹,޻ϼ
282227,Ɍ,{s,ˮ޹,޼
282235,Ɍ,Ogs,ˮ޹,޼
282243,Ɍ,삠킶s,ˮ޹,бܼ޼
282251,Ɍ,s,ˮ޹,޼
282260,Ɍ,WHs,ˮ޹,ܼ޼
282278,Ɍ,s,ˮ޹,
282286,Ɍ,s,ˮ޹,ĳ
282294,Ɍ,̎s,ˮ޹,ɼ
283011,Ɍ,쒬,ˮ޹,Ŷ
283657,Ɍ,,ˮ޹,
283819,Ɍ,,ˮ޹,
283827,Ɍ,d,ˮ޹,
284424,Ɍ,s쒬,ˮ޹,
284432,Ɍ,蒬,ˮ޹,̸
284467,Ɍ,_͒,ˮ޹,ж
284645,Ɍ,q,ˮ޹,
284815,Ɍ,S,ˮ޹,к޵
285013,Ɍ,p,ˮ޹,ֳ
285854,Ɍ,,ˮ޹,
285862,Ɍ,V,ˮ޹,ݵݾ
290009,ޗǌ,,׹,
292010,ޗǌ,ޗǎs,׹,׼
292028,ޗǌ,acs,׹,޼
292036,ޗǌ,aSRs,׹,ĺϼ
292044,ޗǌ,Vs,׹,ؼ
292052,ޗǌ,s,׹,׼
292061,ޗǌ,s,׹,ײ
292079,ޗǌ,ܞs,׹,޼ޮ
292087,ޗǌ,䏊s,׹,޾
292095,ޗǌ,s,׹,ϼ
292109,ޗǌ,Ŏs,׹,޼
292117,ޗǌ,s,׹,׷޼
292125,ޗǌ,FɎs,׹,޼
293229,ޗǌ,RY,׹,Ͽ޴
293423,ޗǌ,Q,׹,͸
293431,ޗǌ,O,׹,ݺ޳
293440,ޗǌ,,׹,ٶ
293458,ޗǌ,g,׹,
293610,ޗǌ,쐼,׹,Ƽ
293628,ޗǌ,O,׹,Թ
293636,ޗǌ,c{,׹,
293857,ޗǌ,],׹,
293865,ޗǌ,,׹,´
294012,ޗǌ,撬,׹,
294021,ޗǌ,,׹,
294241,ޗǌ,q,׹,Ϸ
294250,ޗǌ,,׹,
294268,ޗǌ,L˒,׹,ֳ
294276,ޗǌ,͍,׹,ܲ
294411,ޗǌ,g쒬,׹,ּ
294420,ޗǌ,嗄,׹,
294438,ޗǌ,s,׹,Ӳ
294446,ޗǌ,ꑺ,׹,
294462,ޗǌ,V쑺,׹,ݶ
294471,ޗǌ,씗쑺,׹,ɾ
294497,ޗǌ,\Ð쑺,׹,¶
294501,ޗǌ,kR,׹,ӷ
294519,ޗǌ,kR,׹,з
294527,ޗǌ,㑺,׹,ܶ
294535,ޗǌ,g쑺,׹,˶޼ּ
300004,a̎R,,ܶϹ,
302015,a̎R,a̎Rs,ܶϹ,ܶϼ
302023,a̎R,Cs,ܶϹ,ݼ
302031,a̎R,{s,ܶϹ,ʼļ
302040,a̎R,Lcs,ܶϹ,޼
302058,a̎R,Vs,ܶϹ,޳
302066,a̎R,cӎs,ܶϹ,޼
302074,a̎R,V{s,ܶϹ,ݸ޳
302082,a̎R,I̐s,ܶϹ,ɶܼ
302091,a̎R,os,ܶϹ,޼
303046,a̎R,I쒬,ܶϹ,
303411,a̎R,炬,ܶϹ,׷
303437,a̎R,xR,ܶϹ,
303445,a̎R,쒬,ܶϹ,
303615,a̎R,,ܶϹ,ձ
303623,a̎R,L쒬,ܶϹ,۶
303666,a̎R,Lc쒬,ܶϹ,޶
303810,a̎R,l,ܶϹ,
303828,a̎R,,ܶϹ,޶
303836,a̎R,Rǒ,ܶϹ,
303909,a̎R,쒬,ܶϹ,
303917,a̎R,݂Ȃג,ܶϹ,
303925,a̎R,쒬,ܶϹ,޶
304018,a̎R,l,ܶϹ,
304042,a̎R,xc,ܶϹ,
304069,a̎R,ݒ,ܶϹ,
304212,a̎R,ߒqY,ܶϹ,³
304221,a̎R,n,ܶϹ,
304247,a̎R,Í쒬,ܶϹ,޶
304271,a̎R,kR,ܶϹ,
304280,a̎R,{,ܶϹ,
310000,挧,,įع,
312011,挧,s,įع,įؼ
312029,挧,Ďqs,įع,ź޼
312037,挧,qgs,įع,ּ
312045,挧,`s,įع,ļ
313025,挧,,įع,
313254,挧,,įع,ܶ
313289,挧,q,įع,
313297,挧,,įع,Խ
313645,挧,O,įع,л
313700,挧,l,įع,
313718,挧,ՉY,įع,ĳ
313726,挧,kh,įع,θ
313840,挧,gÑ,įع,˴޿
313866,挧,R,įع,޲
313891,挧,암,įع,
313904,挧,˒,įع,γ
314013,挧,쒬,įع,
314021,挧,쒬,įع,
314030,挧,]{,įع,
320005,,,ȹ,
322016,,]s,ȹ,´
322024,,lcs,ȹ,޼
322032,,o_s,ȹ,Ӽ
322041,,vcs,ȹ,Ͻ޼
322059,,cs,ȹ,޼
322067,,s,ȹ,Խ޼
322075,,]Îs,ȹ,޳¼
322091,,_s,ȹ,ݼ
323438,,o_,ȹ,
323861,,ѓ쒬,ȹ,
324418,,{,ȹ,
324485,,,ȹ,л
324493,,W쒬,ȹ,
325015,,Øa쒬,ȹ,
325058,,g꒬,ȹ,ּ
325252,,Cm,ȹ,
325261,,m,ȹ,Ƽɼ
325279,,mv,ȹ,
325287,,B̓,ȹ,ɼ
330001,R,,Ϲ,
331007,R,Rs,Ϲ,ϼ
332020,R,q~s,Ϲ,׼
332038,R,ÎRs,Ϲ,ϼ
332046,R,ʖs,Ϲ,ɼ
332054,R,}s,Ϲ,
332071,R,䌴s,Ϲ,׼
332089,R,Ўs,Ϲ,Լ
332097,R,s,Ϲ,ʼ
332101,R,Vs,Ϲ,Ʋм
332119,R,Os,Ϲ,޾ݼ
332127,R,˓s,Ϲ,ĳ
332135,R,Ԕ֎s,Ϲ,ܼ
332143,R,^s,Ϲ,ܼ
332151,R,s,Ϲ,ϻ
332160,R,s,Ϲ,
333468,R,aC,Ϲ,ܹ
334235,R,,Ϲ,Լ
334456,R,,Ϲ,ļ
334618,R,|,Ϲ,Զ
335860,R,V,Ϲ,ݼֳ
336068,R,쒬,Ϲ,
336220,R,,Ϲ,
336238,R,ދ`,Ϲ,ŷ
336432,R,q,Ϲ,Ƽܸ׿
336637,R,vē쒬,Ϲ,
336661,R,璬,Ϲ,л
336815,R,g,Ϲ,
340006,L,,ۼϹ,
341002,L,Ls,ۼϹ,ۼϼ
342025,L,s,ۼϹ,ڼ
342033,L,|s,ۼϹ,׼
342041,L,Os,ۼϹ,׼
342050,L,s,ۼϹ,
342076,L,Rs,ۼϹ,̸ϼ
342084,L,{s,ۼϹ,
342092,L,Os,ۼϹ,ּ
342106,L,s,ۼϹ,׼
342114,L,|s,ۼϹ,
342122,L,Ls,ۼϹ,˶޼ۼϼ
342131,L,ss,ۼϹ,¶
342149,L,|cs,ۼϹ,
342157,L,]cs,ۼϹ,ϼ
343021,L,{,ۼϹ,
343048,L,Cc,ۼϹ,
343072,L,F쒬,ۼϹ,
343099,L,⒬,ۼϹ,
343684,L,|c,ۼϹ,
343692,L,kL,ۼϹ,ۼ
344311,L,㓇,ۼϹ,м
344621,L,,ۼϹ,
345458,L,_΍,ۼϹ,ݾ
350001,R,,ϸ,
352012,R,֎s,ϸ,ɾ
352021,R,Fs,ϸ,޼
352039,R,Rs,ϸ,ϸ
352047,R,s,ϸ,ʷ޼
352063,R,h{s,ϸ,γ̼
352071,R,s,ϸ,¼
352080,R,⍑s,ϸ,ܸƼ
352101,R,s,ϸ,˶ؼ
352110,R,s,ϸ,Ŷļ
352128,R,s,ϸ,Ų
352136,R,Is,ϸ,ȼ
352152,R,s,ϸ,ݼ
352161,R,Rzcs,ϸ,ֳ޼
353051,R,h哇,ϸ,
353213,R,aؒ,ϸ,ܷ
353418,R,֒,ϸ,ɾ
353434,R,cz{,ϸ,޾
353442,R,,ϸ,׵
355020,R,,ϸ,
360007,,,ĸϹ,
362018,,s,ĸϹ,ĸϼ
362026,,s,ĸϹ,ļ
362034,,s,ĸϹ,¼ϼ
362042,,s,ĸϹ,ݼ
362051,,gs,ĸϹ,ּɶܼ
362069,,gs,ĸϹ,ܼ
362077,,ns,ĸϹ,ϼ
362085,,ODs,ĸϹ,ּ
363014,,Y,ĸϹ,³
363022,,㏟,ĸϹ,ж
363219,,߉͓,ĸϹ,ź޳
363413,,Έ䒬,ĸϹ,
363421,,_R,ĸϹ,
363685,,߉꒬,ĸϹ,Ŷ
363839,,,ĸϹ,ѷ
363871,,g,ĸϹ,
363880,,Cz,ĸϹ,ֳ
364011,,Β,ĸϹ,¼
364029,,k,ĸϹ,
364037,,Z,ĸϹ,
364045,,쒬,ĸϹ,
364053,,,ĸϹ,в
364681,,邬,ĸϹ,ٷ
364894,,݂悵,ĸϹ,˶޼ּ
370002,쌧,,ܹ,
372013,쌧,s,ܹ,¼
372021,쌧,ۋTs,ܹ,ٶҼ
372030,쌧,os,ܹ,޼
372048,쌧,Pʎs,ܹ,³޼
372056,쌧,ωs,ܹ,ݵݼ޼
372064,쌧,ʂs,ܹ,Ƿ
372072,쌧,s,ܹ,˶޼ܼ
372081,쌧,OLs,ܹ,ּ
373222,쌧,y,ܹ,ɼ
373249,쌧,,ܹ,޼
373419,쌧,Oؒ,ܹ,з
373648,쌧,,ܹ,ŵ
373869,쌧,FÒ,ܹ,
373877,쌧,쒬,ܹ,Զ
374032,쌧,Օ,ܹ,
374041,쌧,xÒ,ܹ,
374067,쌧,܂̂,ܹ,ɳ
380008,Q,,ҹ,
382019,Q,Rs,ҹ,ϼ
382027,Q,s,ҹ,ؼ
382035,Q,Fas,ҹ,ܼϼ
382043,Q,ls,ҹ,ϼ
382051,Q,Vls,ҹ,Ʋϼ
382060,Q,s,ҹ,ޮ
382078,Q,Fs,ҹ,޼
382108,Q,ɗ\s,ҹ,ּ
382132,Q,ls,ҹ,
382141,Q,\s,ҹ,ּ
382159,Q,s,ҹ,ĳݼ
383562,Q,㓇,ҹ,м
383864,Q,v,ҹ,Ϻ
384011,Q,O,ҹ,ϻ
384020,Q,u,ҹ,
384224,Q,q,ҹ,
384429,Q,ɕ,ҹ,
384844,Q,쒬,ҹ,
384887,Q,Sk,ҹ,θ
385069,Q,쒬,ҹ,
390003,m,,,
392014,m,ms,,
392022,m,ˎs,,ļ
392031,m,|s,,
392049,m,썑s,,ݺ
392057,m,ys,,Ļ
392065,m,{s,,
392081,m,hюs,,Ӽ
392090,m,ys,,Ļн޼
392103,m,l\s,,ļ
392111,m,s,,ݼ
392120,m,s,,м
393011,m,m,,ĳֳ
393029,m,ޔ,,
393037,m,c쒬,,
393045,m,c,,Խ
393053,m,k쑺,,
393061,m,nH,,ϼ
393070,m,|,,޲
393410,m,{R,,
393444,m,L,,
393631,m,y,,Ļ
393649,m,쑺,,
393860,m,̒,,
393878,m,m쒬,,޶
394017,m,y,,ŶĻ
394025,m,쒬,,
394033,m,zm,,
394050,m,,,ս
394106,m,,,޶
394114,m,Ö쒬,,
394122,m,l\,,
394246,m,匎,,·
394271,m,O,,
394289,m,,,ۼ
400009,,,̸,
401005,,kBs,̸,
401307,,s,̸,̸
402028,,喴cs,̸,
402036,,vĎs,̸,Ҽ
402044,,s,̸,ɵ
402052,,ђˎs,̸,޶
402061,,cs,̸,ܼ
402079,,s,̸,Ŷܼ
402109,,s,̸,Ҽ
402117,,}s,̸,޼
402125,,s,̸,ܼ
402133,,ss,̸,ոʼ
402141,,LOs,̸,޾ݼ
402150,,Ԏs,̸,Ŷϼ
402168,,Ss,̸,޵ؼ
402176,,}s,̸,ɼ
402184,,ts,̸,޼
402192,,s,̸,ɼޮ
402206,,@s,̸,Ŷ
402214,,ɕ{s,̸,޻޲̼
402231,,És,̸,޼
402249,,Îs,̸,̸¼
402257,,͎s,̸,ʼ
402265,,{s,̸,ܶ
402273,,Ös,̸,ϼ
402281,,qs,̸,׼
402290,,݂܎s,̸,ϼ
402303,,s,̸,ļϼ
402311,,߉ϐs,̸,Ŷܼ
403415,,F,̸,
403423,,I,̸,
403431,,uƒ,̸,
403440,,{b,̸,
403458,,V{,̸,ݸ޳
403482,,vR,̸,˻
403491,,,̸,
403814,,,̸,
403822,,,̸,нϷ
403831,,_,̸,޷
403849,,꒬,̸,ݶ
404012,,|,̸,
404021,,Ǝ蒬,̸,
404217,,j쒬,̸,
404471,,}O,̸,
404489,,,̸,ĳγ
405035,,品,̸,ײ
405221,,ؒ,̸,
405442,,L쒬,̸,۶
406015,,t,̸,
406023,,Yc,̸,
406040,,c,̸,
406058,,蒬,̸,ܻ
406082,,C,̸,ĳ
406091,,ԑ,̸,
406104,,q,̸,̸
406210,,c,̸,
406252,,݂₱,̸,Ժ
406422,,gx,̸,ּ
406465,,ђ,̸,
406473,,z㒬,̸,ޮ
410004,ꌧ,,޹,
412015,ꌧ,s,޹,޼
412023,ꌧ,Îs,޹,¼
412031,ꌧ,s,޹,Ľ
412040,ꌧ,vs,޹,
412058,ꌧ,ɖs,޹,ؼ
412066,ꌧ,Ys,޹,
412074,ꌧ,s,޹,ϼ
412082,ꌧ,s,޹,޼
412091,ꌧ,s,޹,ڼɼ
412104,ꌧ,_s,޹,ݻ޷
413275,ꌧ,g샖,޹,ּɶ
413411,ꌧ,R,޹,
413453,ꌧ,,޹,
413461,ꌧ,݂₫,޹,Է
413879,ꌧ,C,޹,ݶ
414018,ꌧ,Lc,޹,
414239,ꌧ,咬,޹,
414247,ꌧ,]k,޹,θ
414255,ꌧ,Β,޹,۲
414417,ꌧ,ǒ,޹,
420000,茧,,Ŷ޻,
422011,茧,s,Ŷ޻,Ŷ޻
422029,茧,ێs,Ŷ޻,޼
422037,茧,s,Ŷ޻,׼
422045,茧,|s,Ŷ޻,Լ
422053,茧,呺s,Ŷ޻,׼
422070,茧,ˎs,Ŷ޻,޼
422088,茧,Ys,Ŷ޻,³׼
422096,茧,Δns,Ŷ޻,¼ϼ
422100,茧,s,Ŷ޻,
422118,茧,ܓs,Ŷ޻,ĳ
422126,茧,Cs,Ŷ޻,
422134,茧,_s,Ŷ޻,ݾݼ
422142,茧,쓇s,Ŷ޻,м׼
423076,茧,^,Ŷ޻,Ŷ
423084,茧,Ò,Ŷ޻,ķ
423211,茧,ދn,Ŷ޻,˶޼ɷ
423220,茧,I,Ŷ޻,
423238,茧,g,Ŷ޻,ʻ
423831,茧,l꒬,Ŷ޻,޶
423912,茧,X,Ŷ޻,
424111,茧,Vܓ,Ŷ޻,ݶкĳ
430005,F{,,Ĺ,
431001,F{,F{s,Ĺ,ļ
432024,F{,s,Ĺ,¼ۼ
432032,F{,lgs,Ĺ,ּ
432041,F{,rs,Ĺ,׵
432059,F{,s,Ĺ,
432067,F{,ʖs,Ĺ,ż
432083,F{,Rs,Ĺ,϶޼
432105,F{,ers,Ĺ,
432113,F{,Fys,Ĺ,ļ
432121,F{,Vs,Ĺ,бϸ
432130,F{,Fs,Ĺ,
432148,F{,hs,Ĺ,
432156,F{,Vs,Ĺ,ϸ
432164,F{,us,Ĺ,
433489,F{,,Ĺ,л
433641,F{,ʓ,Ĺ,ޮĳ
433675,F{,֒,Ĺ,ݶ
433683,F{,F,Ĺ,Ŷ޽
433691,F{,a,Ĺ,ź
434035,F{,Ò,Ĺ,
434043,F{,ez,Ĺ,ֳ
434230,F{,쏬,Ĺ,е
434248,F{,,Ĺ,
434256,F{,YR,Ĺ,
434281,F{,X,Ĺ,
434329,F{,,Ĺ,Ƽ
434337,F{,숢h,Ĺ,б
434418,F{,D,Ĺ,
434426,F{,Ó,Ĺ,
434434,F{,v钬,Ĺ,ϼ
434442,F{,b,Ĺ,
434477,F{,Rs,Ĺ,
434680,F{,X쒬,Ĺ,˶
434825,F{,k,Ĺ,
434841,F{,Óޖؒ,Ĺ,ŷ
435015,F{,ђ,Ĺ,Ƽ
435058,F{,ǖؒ,Ĺ,׷
435066,F{,O,Ĺ,ϴ
435074,F{,㑺,Ĺ,н޶
435104,F{,Ǒ,Ĺ,
435112,F{,ܖؑ,Ĺ,·
435121,F{,R],Ĺ,ϴ
435139,F{,,Ĺ,
435147,F{,蒬,Ĺ,
435317,F{,k,Ĺ,ڲθ
440001,啪,,,
442011,啪,啪s,,
442020,啪,ʕ{s,,ޯ߼
442038,啪,Îs,,Ŷ¼
442046,啪,cs,,
442054,啪,s,,
442062,啪,Pns,,
442071,啪,Ëvs,,¸м
442089,啪,|cs,,
442097,啪,L㍂cs,,ݺ޼
442101,啪,nzs,,·
442119,啪,Fs,,
442127,啪,Ls,,ݺ޵ɼ
442135,啪,Rzs,,̼
442143,啪,s,,ƻ
443221,啪,P,,Ҽ
443417,啪,o,,˼
444618,啪,d,,ɴ
444626,啪,쒬,,
450006,{茧,,Ի޷,
452017,{茧,{s,Ի޷,Ի޷
452025,{茧,ss,Ի޷,Ժɼޮ
452033,{茧,s,Ի޷,޵
452041,{茧,s,Ի޷,ݼ
452050,{茧,юs,Ի޷,Լ
452068,{茧,s,Ի޷,˭޼
452076,{茧,Ԏs,Ի޷,ϼ
452084,{茧,ss,Ի޷,ļ
452092,{茧,т̎s,Ի޷,ɼ
453412,{茧,OҒ,Ի޷,
453617,{茧,,Ի޷,
453820,{茧,x,Ի޷,
453838,{茧,,Ի޷,
454010,{茧,璬,Ի޷,
454028,{茧,Vx,Ի޷,
454036,{茧,ėǑ,Ի޷,Ƽ׿
454044,{茧,؏钬,Ի޷,ޮ
454052,{茧,쒬,Ի޷,
454061,{茧,s_,Ի޷,
454214,{茧,쒬,Ի޷,޶
454290,{茧,ˑ,Ի޷,¶
454303,{茧,ŗt,Ի޷,޿
454311,{茧,,Ի޷,л
454419,{茧,䒬,Ի޷,
454427,{茧,Ve,Ի޷,ɶ
454435,{茧,܃,Ի޷,޶
460001,,,޼Ϲ,
462012,,s,޼Ϲ,޼ϼ
462039,,s,޼Ϲ,Լ
462047,,s,޼Ϲ,ϸ׻޷
462063,,vs,޼Ϲ,ȼ
462080,,os,޼Ϲ,м
462101,,whs,޼Ϲ,޽
462136,,V\s,޼Ϲ,Ƽɵü
462144,,s,޼Ϲ,н޼
462152,,Fs,޼Ϲ,Ͼ޲
462161,,us,޼Ϲ,˵
462179,,]s,޼Ϲ,
462187,,s,޼Ϲ,ؼϼ
462195,,ؖs,޼Ϲ,ɼ
462209,,삳܎s,޼Ϲ,лϼ
462217,,uzus,޼Ϲ,޼
462225,,s,޼Ϲ,м
462233,,Bs,޼Ϲ,з
462241,,ɍs,޼Ϲ,
462250,,ǎs,޼Ϲ,׼
463035,,O,޼Ϲ,м
463043,,\,޼Ϲ,ļ
463922,,ܒ,޼Ϲ,
464040,,,޼Ϲ,Ŷ޼
464520,,N,޼Ϲ,ճ
464686,,蒬,޼Ϲ,
464821,,ǒ,޼Ϲ,˶޼
464902,,э],޼Ϲ,ݺ
464911,,,޼Ϲ,е
464929,,̕t,޼Ϲ,·
465011,,q,޼Ϲ,Ŷ
465020,,q,޼Ϲ,
465054,,v,޼Ϲ,Ը
465232,,a,޼Ϲ,Ŀ
465241,,F,޼Ϲ,ݿ
465259,,˓,޼Ϲ,ĳ
465275,,,޼Ϲ,º޳
465291,,E,޼Ϲ,
465305,,V,޼Ϲ,ĸɼ
465313,,V钬,޼Ϲ,Ϸ
465321,,ɐ咬,޼Ϲ,
465330,,a,޼Ϲ,
465348,,m,޼Ϲ,
465356,,^_,޼Ϲ,
470007,ꌧ,,ܹ,
472018,ꌧ,ߔes,ܹ,ʼ
472051,ꌧ,Xps,ܹ,ݼ
472077,ꌧ,Ί_s,ܹ,޷
472085,ꌧ,YYs,ܹ,׿
472093,ꌧ,s,ܹ,ź޼
472107,ꌧ,s,ܹ,ݼ
472115,ꌧ,s,ܹ,ܼ
472123,ꌧ,Ls,ܹ,и޽
472131,ꌧ,܎s,ܹ,ϼ
472140,ꌧ,{Ós,ܹ,Ժϼ
472158,ꌧ,s,ܹ,ݼޮ
473014,ꌧ,,ܹ,ƶп
473022,ꌧ,X,ܹ,п
473031,ꌧ,,ܹ,˶޼
473065,ꌧ,Am,ܹ,ŷݿ
473081,ꌧ,{,ܹ,
473111,ꌧ,[,ܹ,ſ
473138,ꌧ,X,ܹ,ɻ޿
473146,ꌧ,,ܹ,
473154,ꌧ,ɍ],ܹ,
473243,ꌧ,ǒJ,ܹ,ݿ
473251,ꌧ,Î[,ܹ,
473260,ꌧ,kJ,ܹ,
473278,ꌧ,k鑺,ܹ,Ŷ޽
473286,ꌧ,鑺,ܹ,Ŷ޽
473294,ꌧ,,ܹ,Ƽ
473481,ꌧ,^ߌ,ܹ,
473502,ꌧ,앗,ܹ,ʴ
473537,ꌧ,nÕ~,ܹ,Ķ
473545,ꌧ,Ԗ,ܹ,п
473553,ꌧ,,ܹ,ƿ
473561,ꌧ,n쑺,ܹ,ŷ
473570,ꌧ,哌,ܹ,޲ĳ
473588,ꌧ,k哌,ܹ,޲ĳ
473596,ꌧ,ɕ,ܹ,Կ
473600,ꌧ,ɐ,ܹ,ſ
473618,ꌧ,vē,ܹ,Ҽ
473626,ꌧ,d,ܹ,Դ
473758,ꌧ,Ǌԑ,ܹ,Ͽ
473812,ꌧ,|x,ܹ,
473821,ꌧ,^ߍ,ܹ,Ÿ
oTFȁ@Snc̃R[hihttps://www.soumu.go.jp/denshijiti/code.htmlj,,,,
